genome	Clade1	Clade2	Subclade	Subgroup	Order	Family	Genus	Species	reference	type_strain_Freel_2024	type	depth_cat	latitude_cat
HTCC1002	I	Ia	Ia.1	Ia.1.I	Pelagibacterales	Pelagibacteraceae	Pelagibacter	NA	JGI/IMG	NA	isolate	NA	NA
HTCC1013	I	Ia	Ia.1	Ia.1.I	Pelagibacterales	Pelagibacteraceae	Pelagibacter	NA	Rappe et al., (2002)	NA	isolate	o-100m	North Temperate
HTCC1062	I	Ia	Ia.1	Ia.1.I	Pelagibacterales	Pelagibacteraceae	Pelagibacter	ubiquis	Rappe et al., (2002)	TRUE	isolate	o-100m	North Temperate
HTCC1040	I	Ia	Ia.1	Ia.1.I	Pelagibacterales	Pelagibacteraceae	Pelagibacter	NA	Rappe et al., (2002)	NA	isolate	o-100m	North Temperate
NP1	I	Ia	Ia.1	Ia.1.I	Pelagibacterales	Pelagibacteraceae	Pelagibacter	giovannonii	Morris et al., (2020)	TRUE	isolate	o-100m	North Temperate
Uisw_137	I	Ia	Ia.1	Ia.1.I	Pelagibacterales	Pelagibacteraceae	Pelagibacter	NA	Sadler et al., (2025)	NA	isolate	o-100m	Arctic
RIS-SAG-41	I	Ia	Ia.1	Ia.1.I	Pelagibacterales	Pelagibacteraceae	Pelagibacter	NA	Martinez-Perez et al., (2022)	NA	SAG	NA	Antarctic
Uisw_101	I	Ia	Ia.1	Ia.1.I	Pelagibacterales	Pelagibacteraceae	Pelagibacter	NA	Sadler et al., (2025)	NA	isolate	o-100m	Arctic
Uisw_104	I	Ia	Ia.1	Ia.1.I	Pelagibacterales	Pelagibacteraceae	Pelagibacter	NA	Sadler et al., (2025)	NA	isolate	o-100m	Arctic
Uisw_106	I	Ia	Ia.1	Ia.1.I	Pelagibacterales	Pelagibacteraceae	Pelagibacter	NA	Sadler et al., (2025)	NA	isolate	o-100m	Arctic
Uisw_094	I	Ia	Ia.1	Ia.1.I	Pelagibacterales	Pelagibacteraceae	Pelagibacter	NA	Sadler et al., (2025)	NA	isolate	o-100m	Arctic
Uisw_136	I	Ia	Ia.1	Ia.1.I	Pelagibacterales	Pelagibacteraceae	Pelagibacter	NA	Sadler et al., (2025)	NA	isolate	o-100m	Arctic
Uisw_113	I	Ia	Ia.1	Ia.1.I	Pelagibacterales	Pelagibacteraceae	Pelagibacter	NA	Sadler et al., (2025)	NA	isolate	o-100m	Arctic
Uisw_116	I	Ia	Ia.1	Ia.1.I	Pelagibacterales	Pelagibacteraceae	Pelagibacter	NA	Sadler et al., (2025)	NA	isolate	o-100m	Arctic
Uisw_121	I	Ia	Ia.1	Ia.1.I	Pelagibacterales	Pelagibacteraceae	Pelagibacter	NA	Sadler et al., (2025)	NA	isolate	o-100m	Arctic
Uisw_114	I	Ia	Ia.1	Ia.1.I	Pelagibacterales	Pelagibacteraceae	Pelagibacter	NA	Sadler et al., (2025)	NA	isolate	o-100m	Arctic
Uisw_130	I	Ia	Ia.1	Ia.1.I	Pelagibacterales	Pelagibacteraceae	Pelagibacter	NA	Sadler et al., (2025)	NA	isolate	o-100m	Arctic
Uisw_092	I	Ia	Ia.1	Ia.1.I	Pelagibacterales	Pelagibacteraceae	Pelagibacter	NA	Sadler et al., (2025)	NA	isolate	o-100m	Arctic
Uisw_090	I	Ia	Ia.1	Ia.1.I	Pelagibacterales	Pelagibacteraceae	Pelagibacter	NA	Sadler et al., (2025)	NA	isolate	o-100m	Arctic
Uisw_127	I	Ia	Ia.1	Ia.1.I	Pelagibacterales	Pelagibacteraceae	Pelagibacter	NA	Sadler et al., (2025)	NA	isolate	o-100m	Arctic
Uisw_099_02	I	Ia	Ia.1	Ia.1.I	Pelagibacterales	Pelagibacteraceae	Pelagibacter	NA	Sadler et al., (2025)	NA	isolate	o-100m	Arctic
HTCC9565	I	Ia	Ia.1	Ia.1.I	Pelagibacterales	Pelagibacteraceae	Pelagibacter	yakuwasiiensis	Grote et al., (2012)	TRUE	isolate	NA	North Temperate
Uisw_134_02	I	Ia	Ia.1	Ia.1.I	Pelagibacterales	Pelagibacteraceae	Pelagibacter	NA	Sadler et al., (2025)	NA	isolate	o-100m	Arctic
AG-447-M05	I	Ia	Ia.3.I	Ia.3.I	Pelagibacterales	Pelagibacteraceae	Atlantikopelagibacter	NA	Pachiadaki et al., (2019)	NA	SAG	o-100m	South Temperate
HTCC7211	I	Ia	Ia.3.I	Ia.3.I	Pelagibacterales	Pelagibacteraceae	Atlantikopelagibacter	sargasii	Stingl et al., (2007)	TRUE	isolate	o-100m	North Temperate
HTCC7214	I	Ia	Ia.3.I	Ia.3.I	Pelagibacterales	Pelagibacteraceae	Atlantikopelagibacter	NA	Stingl et al., (2007)	NA	isolate	o-100m	North Temperate
HTCC7217	I	Ia	Ia.3.I	Ia.3.I	Pelagibacterales	Pelagibacteraceae	Atlantikopelagibacter	NA	Stingl et al., (2007)	NA	isolate	o-100m	North Temperate
HIMB1412	I	Ia	Ia.3.II	Ia.3.II	Pelagibacterales	Pelagibacteraceae	Coralipelagibacter	pilinaensis	Freel et al. (2024)	TRUE	isolate	o-100m	Tropical
HIMB1420	I	Ia	Ia.3.II	Ia.3.II	Pelagibacterales	Pelagibacteraceae	Coralipelagibacter	NA	Freel et al., (2024)	NA	isolate	o-100m	Tropical
HIMB1427	I	Ia	Ia.3.II	Ia.3.II	Pelagibacterales	Pelagibacteraceae	Coralipelagibacter	NA	Freel et al., (2024)	NA	isolate	o-100m	Tropical
HIMB1463	I	Ia	Ia.3.II	Ia.3.II	Pelagibacterales	Pelagibacteraceae	Coralipelagibacter	NA	Freel et al., (2024)	NA	isolate	o-100m	Tropical
HIMB1564	I	Ia	Ia.3.II	Ia.3.II	Pelagibacterales	Pelagibacteraceae	Coralipelagibacter	NA	Freel et al., (2024)	NA	isolate	o-100m	Tropical
HIMB1520	I	Ia	Ia.3.II	Ia.3.II	Pelagibacterales	Pelagibacteraceae	Coralipelagibacter	NA	Freel et al., (2024)	NA	isolate	o-100m	Tropical
HIMB5	I	Ia	Ia.3.II	Ia.3.II	Pelagibacterales	Pelagibacteraceae	Coralipelagibacter	heeiaensis	Brandon (2006)	TRUE	isolate	o-100m	Tropical
HIMB1321	I	Ia	Ia.3.III	Ia.3.III	Pelagibacterales	Pelagibacteraceae	Littoralipelagibacter	NA	Manoi, JGI/IMG SAR11 Genome Evolution	NA	isolate	o-100m	Tropical
HIMB1527	I	Ia	Ia.3.III	Ia.3.III	Pelagibacterales	Pelagibacteraceae	Littoralipelagibacter	NA	Freel et al., (2024)	NA	isolate	o-100m	Tropical
HIMB1505	I	Ia	Ia.3.III	Ia.3.III	Pelagibacterales	Pelagibacteraceae	Littoralipelagibacter	NA	Freel et al., (2024)	NA	isolate	o-100m	Tropical
HIMB1549	I	Ia	Ia.3.III	Ia.3.III	Pelagibacterales	Pelagibacteraceae	Littoralipelagibacter	NA	Freel et al., (2024)	NA	isolate	o-100m	Tropical
HIMB4	I	Ia	Ia.3.III	Ia.3.III	Pelagibacterales	Pelagibacteraceae	Littoralipelagibacter	koolauensis	Brandon M.S. thesis (2006)	TRUE	isolate	o-100m	Tropical
AG-390-G11	I	Ia	Ia.3.IV	Ia.3.IV	Pelagibacterales	Pelagibacteraceae	Proprepelagibacter	NA	Pachiadaki et al., (2019)	NA	SAG	o-100m	North Temperate
AG-390-L03	I	Ia	Ia.3.IV	Ia.3.IV	Pelagibacterales	Pelagibacteraceae	Proprepelagibacter	NA	Pachiadaki et al., (2019)	NA	SAG	o-100m	North Temperate
SAG-MED06	I	Ia	Ia.3.IV	Ia.3.IV	Pelagibacterales	Pelagibacteraceae	Proprepelagibacter	NA	Martinez-Hernandez et al., (2019); Haro-Moreno et al., (2020)	NA	SAG	o-100m	North Temperate
SAG-MED50	I	Ia	Ia.3.IV	Ia.3.IV	Pelagibacterales	Pelagibacteraceae	Proprepelagibacter	NA	Martinez-Hernandez et al., (2019); Haro-Moreno et al., (2020)	NA	SAG	o-100m	North Temperate
HTCC8051	I	Ia	Ia.3.IV	Ia.3.IV	Pelagibacterales	Pelagibacteraceae	Proprepelagibacter	yaquinaensis	Stingl et al., (2007)	TRUE	isolate	o-100m	North Temperate
HTCC9022	I	Ia	Ia.3.IV	Ia.3.IV	Pelagibacterales	Pelagibacteraceae	Proprepelagibacter	NA	JGI/IMG	NA	isolate	NA	NA
SAG-MED49	I	Ia	Ia.3.IV	Ia.3.IV	Pelagibacterales	Pelagibacteraceae	Proprepelagibacter	NA	Martinez-Hernandez et al., (2019); Haro-Moreno et al., (2020)	NA	SAG	o-100m	North Temperate
AAA795-A20	I	Ia	Ia.3.V	Ia.3.V	Pelagibacterales	Pelagibacteraceae	Xanthipelagibacter	NA	Luo et al., (2015)	NA	SAG	o-100m	Tropical
AG-333-A04	I	Ia	Ia.3.V	Ia.3.V	Pelagibacterales	Pelagibacteraceae	Xanthipelagibacter	NA	Pachiadaki et al., (2019)	NA	SAG	100-200m	Tropical
AG-447-M10	I	Ia	Ia.3.V	Ia.3.V	Pelagibacterales	Pelagibacteraceae	Xanthipelagibacter	NA	Pachiadaki et al., (2019)	NA	SAG	o-100m	South Temperate
AH-324-N03	I	Ia	Ia.3.V	Ia.3.V	Pelagibacterales	Pelagibacteraceae	Xanthipelagibacter	NA	Pachiadaki et al., (2019)	NA	SAG	o-100m	Tropical
AH-287-B07	I	Ia	Ia.3.V	Ia.3.V	Pelagibacterales	Pelagibacteraceae	Xanthipelagibacter	NA	Pachiadaki et al., (2019)	NA	SAG	o-100m	Tropical
AH-324-F03	I	Ia	Ia.3.V	Ia.3.V	Pelagibacterales	Pelagibacteraceae	Xanthipelagibacter	NA	Pachiadaki et al., (2019)	NA	SAG	o-100m	Tropical
AH-287-E17	I	Ia	Ia.3.V	Ia.3.V	Pelagibacterales	Pelagibacteraceae	Xanthipelagibacter	NA	Pachiadaki et al., (2019)	NA	SAG	o-100m	Tropical
AH-321-A17	I	Ia	Ia.3.V	Ia.3.V	Pelagibacterales	Pelagibacteraceae	Xanthipelagibacter	NA	Pachiadaki et al., (2019)	NA	SAG	o-100m	Tropical
AH-324-J07	I	Ia	Ia.3.V	Ia.3.V	Pelagibacterales	Pelagibacteraceae	Xanthipelagibacter	NA	Pachiadaki et al., (2019)	NA	SAG	o-100m	Tropical
AG-349-L17	I	Ia	Ia.3.V	Ia.3.V	Pelagibacterales	Pelagibacteraceae	Xanthipelagibacter	NA	Pachiadaki et al., (2019)	NA	SAG	o-100m	North Temperate
AG-422-G03	I	Ia	Ia.3.V	Ia.3.V	Pelagibacterales	Pelagibacteraceae	Xanthipelagibacter	NA	Pachiadaki et al., (2019)	NA	SAG	o-100m	North Temperate
AG-912-L11	I	Ia	Ia.3.V	Ia.3.V	Pelagibacterales	Pelagibacteraceae	Xanthipelagibacter	NA	Pachiadaki et al., (2019)	NA	SAG	o-100m	North Temperate
HIMB1456	I	Ia	Ia.3.V	Ia.3.V	Pelagibacterales	Pelagibacteraceae	Xanthipelagibacter	NA	Freel et al., (2024)	NA	isolate	o-100m	Tropical
AG-422-C20	I	Ia	Ia.3.V	Ia.3.V	Pelagibacterales	Pelagibacteraceae	Xanthipelagibacter	NA	Pachiadaki et al., (2019)	NA	SAG	o-100m	North Temperate
AG-447-P03	I	Ia	Ia.3.V	Ia.3.V	Pelagibacterales	Pelagibacteraceae	Xanthipelagibacter	NA	Pachiadaki et al., (2019)	NA	SAG	o-100m	South Temperate
AG-917-J06	I	Ia	Ia.3.V	Ia.3.V	Pelagibacterales	Pelagibacteraceae	Xanthipelagibacter	NA	Pachiadaki et al., (2019)	NA	SAG	o-100m	North Temperate
AG-447-E19	I	Ia	Ia.3.V	Ia.3.V	Pelagibacterales	Pelagibacteraceae	Xanthipelagibacter	NA	Pachiadaki et al., (2019)	NA	SAG	o-100m	South Temperate
AG-913-F03	I	Ia	Ia.3.V	Ia.3.V	Pelagibacterales	Pelagibacteraceae	Xanthipelagibacter	NA	Pachiadaki et al., (2019)	NA	SAG	o-100m	North Temperate
AG-896-O18	I	Ia	Ia.3.V	Ia.3.V	Pelagibacterales	Pelagibacteraceae	Xanthipelagibacter	NA	Pachiadaki et al., (2019)	NA	SAG	o-100m	North Temperate
AG-894-P23	I	Ia	Ia.3.V	Ia.3.V	Pelagibacterales	Pelagibacteraceae	Xanthipelagibacter	NA	Pachiadaki et al., (2019)	NA	SAG	o-100m	North Temperate
AG-422-D23	I	Ia	Ia.3.V	Ia.3.V	Pelagibacterales	Pelagibacteraceae	Xanthipelagibacter	NA	Pachiadaki et al., (2019)	NA	SAG	o-100m	North Temperate
AG-895-F17	I	Ia	Ia.3.V	Ia.3.V	Pelagibacterales	Pelagibacteraceae	Xanthipelagibacter	NA	Pachiadaki et al., (2019)	NA	SAG	o-100m	North Temperate
AG-891-I18	I	Ia	Ia.3.V	Ia.3.V	Pelagibacterales	Pelagibacteraceae	Xanthipelagibacter	NA	Pachiadaki et al., (2019)	NA	SAG	o-100m	North Temperate
AG-894-O09	I	Ia	Ia.3.V	Ia.3.V	Pelagibacterales	Pelagibacteraceae	Xanthipelagibacter	NA	Pachiadaki et al., (2019)	NA	SAG	o-100m	North Temperate
AG-916-N14	I	Ia	Ia.3.V	Ia.3.V	Pelagibacterales	Pelagibacteraceae	Xanthipelagibacter	NA	Pachiadaki et al., (2019)	NA	SAG	o-100m	North Temperate
AG-447-L10	I	Ia	Ia.3.V	Ia.3.V	Pelagibacterales	Pelagibacteraceae	Xanthipelagibacter	NA	Pachiadaki et al., (2019)	NA	SAG	o-100m	South Temperate
HIMB2201	I	Ia	Ia.3.V	Ia.3.V	Pelagibacterales	Pelagibacteraceae	Xanthipelagibacter	NA	Freel et al., (2024)	NA	isolate	o-100m	Tropical
AG-920-D05	I	Ia	Ia.3.V	Ia.3.V	Pelagibacterales	Pelagibacteraceae	Xanthipelagibacter	NA	Pachiadaki et al., (2019)	NA	SAG	o-100m	North Temperate
AG-349-O05	I	Ia	Ia.3.V	Ia.3.V	Pelagibacterales	Pelagibacteraceae	Xanthipelagibacter	NA	Pachiadaki et al., (2019)	NA	SAG	o-100m	North Temperate
AG-390-G23	I	Ia	Ia.3.V	Ia.3.V	Pelagibacterales	Pelagibacteraceae	Xanthipelagibacter	NA	Pachiadaki et al., (2019)	NA	SAG	o-100m	North Temperate
HIMB123	I	Ia	Ia.3.V	Ia.3.V	Pelagibacterales	Pelagibacteraceae	Xanthipelagibacter	NA	Brandon M.S. thesis (2006)	NA	isolate	o-100m	Tropical
AG-447-C08	I	Ia	Ia.3.V	Ia.3.V	Pelagibacterales	Pelagibacteraceae	Xanthipelagibacter	NA	Pachiadaki et al., (2019)	NA	SAG	o-100m	South Temperate
AG-892-A22	I	Ia	Ia.3.V	Ia.3.V	Pelagibacterales	Pelagibacteraceae	Xanthipelagibacter	NA	Pachiadaki et al., (2019)	NA	SAG	o-100m	North Temperate
AG-410-O02	I	Ia	Ia.3.V	Ia.3.V	Pelagibacterales	Pelagibacteraceae	Xanthipelagibacter	NA	Pachiadaki et al., (2019)	NA	SAG	o-100m	Tropical
HIMB1444	I	Ia	Ia.3.V	Ia.3.V	Pelagibacterales	Pelagibacteraceae	Xanthipelagibacter	NA	Freel et al., (2024)	NA	isolate	o-100m	Tropical
AG-422-E09	I	Ia	Ia.3.V	Ia.3.V	Pelagibacterales	Pelagibacteraceae	Xanthipelagibacter	NA	Pachiadaki et al., (2019)	NA	SAG	o-100m	North Temperate
AG-891-A05	I	Ia	Ia.3.V	Ia.3.V	Pelagibacterales	Pelagibacteraceae	Xanthipelagibacter	NA	Pachiadaki et al., (2019)	NA	SAG	o-100m	North Temperate
AG-913-L03	I	Ia	Ia.3.V	Ia.3.V	Pelagibacterales	Pelagibacteraceae	Xanthipelagibacter	NA	Pachiadaki et al., (2019)	NA	SAG	o-100m	North Temperate
AG-914-B14	I	Ia	Ia.3.V	Ia.3.V	Pelagibacterales	Pelagibacteraceae	Xanthipelagibacter	NA	Pachiadaki et al., (2019)	NA	SAG	o-100m	North Temperate
AG-426-M05	I	Ia	Ia.3.V	Ia.3.V	Pelagibacterales	Pelagibacteraceae	Xanthipelagibacter	NA	Pachiadaki et al., (2019)	NA	SAG	o-100m	North Temperate
HIMB2304	I	Ia	Ia.3.V	Ia.3.V	Pelagibacterales	Pelagibacteraceae	Xanthipelagibacter	NA	Freel et al., (2024)	NA	isolate	o-100m	Tropical
AG-908-C18	I	Ia	Ia.3.V	Ia.3.V	Pelagibacterales	Pelagibacteraceae	Xanthipelagibacter	NA	Pachiadaki et al., (2019)	NA	SAG	o-100m	North Temperate
HIMB1409	I	Ia	Ia.3.V	Ia.3.V	Pelagibacterales	Pelagibacteraceae	Xanthipelagibacter	NA	Freel et al., (2024)	NA	isolate	o-100m	Tropical
HIMB1413	I	Ia	Ia.3.V	Ia.3.V	Pelagibacterales	Pelagibacteraceae	Xanthipelagibacter	NA	Freel et al., (2024)	NA	isolate	o-100m	Tropical
HIMB2250	I	Ia	Ia.3.V	Ia.3.V	Pelagibacterales	Pelagibacteraceae	Xanthipelagibacter	NA	Freel et al., (2024)	NA	isolate	o-100m	Tropical
AG-913-M13	I	Ia	Ia.3.V	Ia.3.V	Pelagibacterales	Pelagibacteraceae	Xanthipelagibacter	NA	Pachiadaki et al., (2019)	NA	SAG	o-100m	North Temperate
AG-422-B22	I	Ia	Ia.3.V	Ia.3.V	Pelagibacterales	Pelagibacteraceae	Xanthipelagibacter	NA	Pachiadaki et al., (2019)	NA	SAG	o-100m	North Temperate
AG-447-L03	I	Ia	Ia.3.V	Ia.3.V	Pelagibacterales	Pelagibacteraceae	Xanthipelagibacter	NA	Pachiadaki et al., (2019)	NA	SAG	o-100m	South Temperate
AG-892-F02	I	Ia	Ia.3.V	Ia.3.V	Pelagibacterales	Pelagibacteraceae	Xanthipelagibacter	NA	Pachiadaki et al., (2019)	NA	SAG	o-100m	North Temperate
AG-390-M14	I	Ia	Ia.3.V	Ia.3.V	Pelagibacterales	Pelagibacteraceae	Xanthipelagibacter	NA	Pachiadaki et al., (2019)	NA	SAG	o-100m	North Temperate
FZCC0015	I	Ia	Ia.3.V	Ia.3.V	Pelagibacterales	Pelagibacteraceae	Xanthipelagibacter	NA	Zhao et al., (2018)	NA	isolate	NA	North Temperate
AG-892-L17	I	Ia	Ia.3.V	Ia.3.V	Pelagibacterales	Pelagibacteraceae	Xanthipelagibacter	NA	Pachiadaki et al., (2019)	NA	SAG	o-100m	North Temperate
HIMB083	I	Ia	Ia.3.V	Ia.3.V	Pelagibacterales	Pelagibacteraceae	Xanthipelagibacter	NA	Brandon M.S. thesis (2006)	NA	isolate	o-100m	Tropical
AG-390-C17	I	Ia	Ia.3.VI	Ia.3.VI	Pelagibacterales	Pelagibacteraceae	Ampluspelagibacter	NA	Pachiadaki et al., (2019)	NA	SAG	o-100m	North Temperate
AG-447-K11	I	Ia	Ia.3.VI	Ia.3.VI	Pelagibacterales	Pelagibacteraceae	Ampluspelagibacter	NA	Pachiadaki et al., (2019)	NA	SAG	o-100m	South Temperate
HIMB1685	I	Ia	Ia.3.VI	Ia.3.VI	Pelagibacterales	Pelagibacteraceae	Ampluspelagibacter	NA	Freel et al., (2024)	NA	isolate	o-100m	Tropical
HIMB1559	I	Ia	Ia.3.VI	Ia.3.VI	Pelagibacterales	Pelagibacteraceae	Ampluspelagibacter	NA	Freel et al., (2024)	NA	isolate	o-100m	Tropical
HIMB1597	I	Ia	Ia.3.VI	Ia.3.VI	Pelagibacterales	Pelagibacteraceae	Ampluspelagibacter	NA	Freel et al., (2024)	NA	isolate	o-100m	Tropical
HIMB1587	I	Ia	Ia.3.VI	Ia.3.VI	Pelagibacterales	Pelagibacteraceae	Ampluspelagibacter	NA	Freel et al., (2024)	NA	isolate	o-100m	Tropical
HIMB1573	I	Ia	Ia.3.VI	Ia.3.VI	Pelagibacterales	Pelagibacteraceae	Ampluspelagibacter	NA	Freel et al., (2024)	NA	isolate	o-100m	Tropical
HIMB1490	I	Ia	Ia.3.VI	Ia.3.VI	Pelagibacterales	Pelagibacteraceae	Ampluspelagibacter	NA	Freel et al., (2024)	NA	isolate	o-100m	Tropical
HIMB1491	I	Ia	Ia.3.VI	Ia.3.VI	Pelagibacterales	Pelagibacteraceae	Ampluspelagibacter	NA	Freel et al., (2024)	NA	isolate	o-100m	Tropical
HIMB1765	I	Ia	Ia.3.VI	Ia.3.VI	Pelagibacterales	Pelagibacteraceae	Ampluspelagibacter	NA	Freel et al., (2024)	NA	isolate	o-100m	Tropical
HIMB1494	I	Ia	Ia.3.VI	Ia.3.VI	Pelagibacterales	Pelagibacteraceae	Ampluspelagibacter	NA	Freel et al., (2024)	NA	isolate	o-100m	Tropical
HIMB1495	I	Ia	Ia.3.VI	Ia.3.VI	Pelagibacterales	Pelagibacteraceae	Ampluspelagibacter	NA	Freel et al., (2024)	NA	isolate	o-100m	Tropical
HIMB1593	I	Ia	Ia.3.VI	Ia.3.VI	Pelagibacterales	Pelagibacteraceae	Ampluspelagibacter	NA	Freel et al., (2024)	NA	isolate	o-100m	Tropical
HIMB1509	I	Ia	Ia.3.VI	Ia.3.VI	Pelagibacterales	Pelagibacteraceae	Ampluspelagibacter	NA	Freel et al., (2024)	NA	isolate	o-100m	Tropical
AG-898-C07	I	Ia	Ia.3.VI	Ia.3.VI	Pelagibacterales	Pelagibacteraceae	Ampluspelagibacter	NA	Pachiadaki et al., (2019)	NA	SAG	o-100m	North Temperate
HIMB1485	I	Ia	Ia.3.VI	Ia.3.VI	Pelagibacterales	Pelagibacteraceae	Ampluspelagibacter	NA	Freel et al., (2024)	NA	isolate	o-100m	Tropical
HIMB1492	I	Ia	Ia.3.VI	Ia.3.VI	Pelagibacterales	Pelagibacteraceae	Ampluspelagibacter	NA	Freel et al., (2024)	NA	isolate	o-100m	Tropical
HIMB1493	I	Ia	Ia.3.VI	Ia.3.VI	Pelagibacterales	Pelagibacteraceae	Ampluspelagibacter	NA	Freel et al., (2024)	NA	isolate	o-100m	Tropical
HIMB1518	I	Ia	Ia.3.VI	Ia.3.VI	Pelagibacterales	Pelagibacteraceae	Ampluspelagibacter	NA	Freel et al., (2024)	NA	isolate	o-100m	Tropical
HIMB1770	I	Ia	Ia.3.VI	Ia.3.VI	Pelagibacterales	Pelagibacteraceae	Ampluspelagibacter	NA	Freel et al., (2024)	NA	isolate	o-100m	Tropical
HIMB1507	I	Ia	Ia.3.VI	Ia.3.VI	Pelagibacterales	Pelagibacteraceae	Ampluspelagibacter	NA	Freel et al., (2024)	NA	isolate	o-100m	Tropical
HIMB1526	I	Ia	Ia.3.VI	Ia.3.VI	Pelagibacterales	Pelagibacteraceae	Ampluspelagibacter	NA	Freel et al., (2024)	NA	isolate	o-100m	Tropical
HIMB1552	I	Ia	Ia.3.VI	Ia.3.VI	Pelagibacterales	Pelagibacteraceae	Ampluspelagibacter	NA	Freel et al., (2024)	NA	isolate	o-100m	Tropical
HIMB1641	I	Ia	Ia.3.VI	Ia.3.VI	Pelagibacterales	Pelagibacteraceae	Ampluspelagibacter	NA	Freel et al., (2024)	NA	isolate	o-100m	Tropical
HIMB1636	I	Ia	Ia.3.VI	Ia.3.VI	Pelagibacterales	Pelagibacteraceae	Ampluspelagibacter	NA	Freel et al., (2024)	NA	isolate	o-100m	Tropical
HIMB1702	I	Ia	Ia.3.VI	Ia.3.VI	Pelagibacterales	Pelagibacteraceae	Ampluspelagibacter	NA	Freel et al., (2024)	NA	isolate	o-100m	Tropical
HIMB1710	I	Ia	Ia.3.VI	Ia.3.VI	Pelagibacterales	Pelagibacteraceae	Ampluspelagibacter	NA	Freel et al., (2024)	NA	isolate	o-100m	Tropical
HIMB1556	I	Ia	Ia.3.VI	Ia.3.VI	Pelagibacterales	Pelagibacteraceae	Ampluspelagibacter	kiloensis	Freel et al. (2024)	TRUE	isolate	o-100m	Tropical
HIMB1748	I	Ia	Ia.3.VI	Ia.3.VI	Pelagibacterales	Pelagibacteraceae	Ampluspelagibacter	NA	Freel et al., (2024)	NA	isolate	o-100m	Tropical
HIMB1662	I	Ia	Ia.3.VI	Ia.3.VI	Pelagibacterales	Pelagibacteraceae	Ampluspelagibacter	NA	Freel et al., (2024)	NA	isolate	o-100m	Tropical
HIMB1723	I	Ia	Ia.3.VI	Ia.3.VI	Pelagibacterales	Pelagibacteraceae	Ampluspelagibacter	NA	Freel et al., (2024)	NA	isolate	o-100m	Tropical
HIMB140	I	Ia	Ia.3.VI	Ia.3.VI	Pelagibacterales	Pelagibacteraceae	Ampluspelagibacter	NA	Brandon M.S. thesis (2006)	NA	isolate	o-100m	Tropical
HIMB1513	I	Ia	Ia.3.VI	Ia.3.VI	Pelagibacterales	Pelagibacteraceae	Ampluspelagibacter	NA	Freel et al., (2024)	NA	isolate	o-100m	Tropical
HIMB1521	I	Ia	Ia.3.VI	Ia.3.VI	Pelagibacterales	Pelagibacteraceae	Ampluspelagibacter	NA	Freel et al., (2024)	NA	isolate	o-100m	Tropical
HIMB1430	I	Ia	Ia.3.VI	Ia.3.VI	Pelagibacterales	Pelagibacteraceae	Ampluspelagibacter	NA	Freel et al., (2024)	NA	isolate	o-100m	Tropical
HIMB1611	I	Ia	Ia.3.VI	Ia.3.VI	Pelagibacterales	Pelagibacteraceae	Ampluspelagibacter	NA	Freel et al., (2024)	NA	isolate	o-100m	Tropical
HIMB1758	I	Ia	Ia.3.VI	Ia.3.VI	Pelagibacterales	Pelagibacteraceae	Ampluspelagibacter	NA	Freel et al., (2024)	NA	isolate	o-100m	Tropical
HIMB1488	I	Ia	Ia.3.VI	Ia.3.VI	Pelagibacterales	Pelagibacteraceae	Ampluspelagibacter	NA	Freel et al., (2024)	NA	isolate	o-100m	Tropical
HIMB1506	I	Ia	Ia.3.VI	Ia.3.VI	Pelagibacterales	Pelagibacteraceae	Ampluspelagibacter	NA	Freel et al., (2024)	NA	isolate	o-100m	Tropical
HIMB2211	I	Ia	Ia.3.VI	Ia.3.VI	Pelagibacterales	Pelagibacteraceae	Ampluspelagibacter	NA	Freel et al., (2024)	NA	isolate	o-100m	Tropical
HIMB1746	I	Ia	Ia.3.VI	Ia.3.VI	Pelagibacterales	Pelagibacteraceae	Ampluspelagibacter	NA	Freel et al., (2024)	NA	isolate	o-100m	Tropical
HIMB1542	I	Ia	Ia.3.VI	Ia.3.VI	Pelagibacterales	Pelagibacteraceae	Ampluspelagibacter	NA	Freel et al., (2024)	NA	isolate	o-100m	Tropical
HIMB1695	I	Ia	Ia.3.VI	Ia.3.VI	Pelagibacterales	Pelagibacteraceae	Ampluspelagibacter	NA	Freel et al., (2024)	NA	isolate	o-100m	Tropical
HIMB1577	I	Ia	Ia.3.VI	Ia.3.VI	Pelagibacterales	Pelagibacteraceae	Ampluspelagibacter	NA	Freel et al., (2024)	NA	isolate	o-100m	Tropical
HIMB1631	I	Ia	Ia.3.VI	Ia.3.VI	Pelagibacterales	Pelagibacteraceae	Ampluspelagibacter	NA	Freel et al., (2024)	NA	isolate	o-100m	Tropical
HIMB1715	I	Ia	Ia.3.VI	Ia.3.VI	Pelagibacterales	Pelagibacteraceae	Ampluspelagibacter	NA	Freel et al., (2024)	NA	isolate	o-100m	Tropical
HIMB1701	I	Ia	Ia.3.VI	Ia.3.VI	Pelagibacterales	Pelagibacteraceae	Ampluspelagibacter	NA	Freel et al., (2024)	NA	isolate	o-100m	Tropical
HIMB1782	I	Ia	Ia.3.VI	Ia.3.VI	Pelagibacterales	Pelagibacteraceae	Ampluspelagibacter	NA	Freel et al., (2024)	NA	isolate	o-100m	Tropical
HIMB1602	I	Ia	Ia.3.VI	Ia.3.VI	Pelagibacterales	Pelagibacteraceae	Ampluspelagibacter	NA	Freel et al., (2024)	NA	isolate	o-100m	Tropical
AG-891-G02	I	Ia	Ia.3.VI	Ia.3.VI	Pelagibacterales	Pelagibacteraceae	Ampluspelagibacter	NA	Pachiadaki et al., (2019)	NA	SAG	o-100m	North Temperate
HIMB1623	I	Ia	Ia.3.VI	Ia.3.VI	Pelagibacterales	Pelagibacteraceae	Ampluspelagibacter	NA	Freel et al., (2024)	NA	isolate	o-100m	Tropical
HIMB1709	I	Ia	Ia.3.VI	Ia.3.VI	Pelagibacterales	Pelagibacteraceae	Ampluspelagibacter	NA	Freel et al., (2024)	NA	isolate	o-100m	Tropical
AG-359-C09	I	Ia	Ia.3.VII	Ia.3.VII	Pelagibacterales	Pelagibacteraceae	Angustipelagibacter	NA	Pachiadaki et al., (2019)	NA	SAG	o-100m	North Temperate
AG-359-M21	I	Ia	Ia.3.VII	Ia.3.VII	Pelagibacterales	Pelagibacteraceae	Angustipelagibacter	NA	Pachiadaki et al., (2019)	NA	SAG	o-100m	North Temperate
AG-920-J04	I	Ia	Ia.3.VII	Ia.3.VII	Pelagibacterales	Pelagibacteraceae	Angustipelagibacter	NA	Pachiadaki et al., (2019)	NA	SAG	o-100m	North Temperate
AG-904-F17	I	Ia	Ia.3.VII	Ia.3.VII	Pelagibacterales	Pelagibacteraceae	Angustipelagibacter	NA	Pachiadaki et al., (2019)	NA	SAG	o-100m	North Temperate
AG-915-K13	I	Ia	Ia.3.VII	Ia.3.VII	Pelagibacterales	Pelagibacteraceae	Angustipelagibacter	NA	Pachiadaki et al., (2019)	NA	SAG	o-100m	North Temperate
AG-892-E08	I	Ia	Ia.3.VII	Ia.3.VII	Pelagibacterales	Pelagibacteraceae	Angustipelagibacter	NA	Pachiadaki et al., (2019)	NA	SAG	o-100m	North Temperate
AG-899-N21	I	Ia	Ia.3.VII	Ia.3.VII	Pelagibacterales	Pelagibacteraceae	Angustipelagibacter	NA	Pachiadaki et al., (2019)	NA	SAG	o-100m	North Temperate
AG-914-P23	I	Ia	Ia.3.VII	Ia.3.VII	Pelagibacterales	Pelagibacteraceae	Angustipelagibacter	NA	Pachiadaki et al., (2019)	NA	SAG	o-100m	North Temperate
AG-917-M22	I	Ia	Ia.3.VII	Ia.3.VII	Pelagibacterales	Pelagibacteraceae	Angustipelagibacter	NA	Pachiadaki et al., (2019)	NA	SAG	o-100m	North Temperate
AG-414-O11	I	Ia	Ia.3.VII	Ia.3.VII	Pelagibacterales	Pelagibacteraceae	Angustipelagibacter	NA	Pachiadaki et al., (2019)	NA	SAG	100-200m	North Temperate
AG-913-C03	I	Ia	Ia.3.VII	Ia.3.VII	Pelagibacterales	Pelagibacteraceae	Angustipelagibacter	NA	Pachiadaki et al., (2019)	NA	SAG	o-100m	North Temperate
AG-917-C08	I	Ia	Ia.3.VII	Ia.3.VII	Pelagibacterales	Pelagibacteraceae	Angustipelagibacter	NA	Pachiadaki et al., (2019)	NA	SAG	o-100m	North Temperate
AG-917-C11	I	Ia	Ia.3.VII	Ia.3.VII	Pelagibacterales	Pelagibacteraceae	Angustipelagibacter	NA	Pachiadaki et al., (2019)	NA	SAG	o-100m	North Temperate
AG-917-P07	I	Ia	Ia.3.VII	Ia.3.VII	Pelagibacterales	Pelagibacteraceae	Angustipelagibacter	NA	Pachiadaki et al., (2019)	NA	SAG	o-100m	North Temperate
AG-913-A04	I	Ia	Ia.3.VII	Ia.3.VII	Pelagibacterales	Pelagibacteraceae	Angustipelagibacter	NA	Pachiadaki et al., (2019)	NA	SAG	o-100m	North Temperate
AG-918-L07	I	Ia	Ia.3.VII	Ia.3.VII	Pelagibacterales	Pelagibacteraceae	Angustipelagibacter	NA	Pachiadaki et al., (2019)	NA	SAG	o-100m	North Temperate
AG-911-G03	I	Ia	Ia.3.VII	Ia.3.VII	Pelagibacterales	Pelagibacteraceae	Angustipelagibacter	NA	Pachiadaki et al., (2019)	NA	SAG	o-100m	North Temperate
AG-430-E20	I	Ia	Ia.3.VII	Ia.3.VII	Pelagibacterales	Pelagibacteraceae	Angustipelagibacter	atlanticus	Pachiadaki et al., (2019)	TRUE	SAG	o-100m	North Temperate
SAG-MED08	I	Ia	Ia.3.VII	Ia.3.VII	Pelagibacterales	Pelagibacteraceae	Angustipelagibacter	NA	Martinez-Hernandez et al., (2019); Haro-Moreno et al., (2020)	NA	SAG	o-100m	North Temperate
AG-912-F16	I	Ia	Ia.3.VII	Ia.3.VII	Pelagibacterales	Pelagibacteraceae	Angustipelagibacter	NA	Pachiadaki et al., (2019)	NA	SAG	o-100m	North Temperate
AG-903-D02	I	Ia	Ia.3.VII	Ia.3.VII	Pelagibacterales	Pelagibacteraceae	Angustipelagibacter	NA	Pachiadaki et al., (2019)	NA	SAG	o-100m	North Temperate
AG-894-C14	I	Ia	Ia.3.VII	Ia.3.VII	Pelagibacterales	Pelagibacteraceae	Angustipelagibacter	NA	Pachiadaki et al., (2019)	NA	SAG	o-100m	North Temperate
AG-918-L21	I	Ia	Ia.3.VII	Ia.3.VII	Pelagibacterales	Pelagibacteraceae	Angustipelagibacter	NA	Pachiadaki et al., (2019)	NA	SAG	o-100m	North Temperate
AG-916-M15	I	Ia	Ia.3.VII	Ia.3.VII	Pelagibacterales	Pelagibacteraceae	Angustipelagibacter	NA	Pachiadaki et al., (2019)	NA	SAG	o-100m	North Temperate
AG-917-I17	I	Ia	Ia.3.VII	Ia.3.VII	Pelagibacterales	Pelagibacteraceae	Angustipelagibacter	NA	Pachiadaki et al., (2019)	NA	SAG	o-100m	North Temperate
AG-918-K09	I	Ia	Ia.3.VII	Ia.3.VII	Pelagibacterales	Pelagibacteraceae	Angustipelagibacter	NA	Pachiadaki et al., (2019)	NA	SAG	o-100m	North Temperate
AG-390-I15	I	Ia	Ia.3.VII	Ia.3.VII	Pelagibacterales	Pelagibacteraceae	Angustipelagibacter	NA	Pachiadaki et al., (2019)	NA	SAG	o-100m	North Temperate
SAG-MED22	I	Ia	Ia.3.VII	Ia.3.VII	Pelagibacterales	Pelagibacteraceae	Angustipelagibacter	NA	Martinez-Hernandez et al., (2019); Haro-Moreno et al., (2020)	NA	SAG	o-100m	North Temperate
AG-470-D02	I	Ia	Ia.3.VII	Ia.3.VII	Pelagibacterales	Pelagibacteraceae	Angustipelagibacter	NA	Pachiadaki et al., (2019)	NA	SAG	o-100m	South Temperate
AG-891-J07	I	Ia	Ia.3.VII	Ia.3.VII	Pelagibacterales	Pelagibacteraceae	Angustipelagibacter	NA	Pachiadaki et al., (2019)	NA	SAG	o-100m	North Temperate
AG-457-B14	I	Ia	Ia.3.VII	Ia.3.VII	Pelagibacterales	Pelagibacteraceae	Angustipelagibacter	NA	Pachiadaki et al., (2019)	NA	SAG	o-100m	South Temperate
AG-899-J02	I	Ia	Ia.3.VII	Ia.3.VII	Pelagibacterales	Pelagibacteraceae	Angustipelagibacter	NA	Pachiadaki et al., (2019)	NA	SAG	o-100m	North Temperate
AG-390-J21	I	Ia	Ia.4	Ia.4.II	Pelagibacterales	Pelagibacteraceae	Lacunapelagibacter	NA	Pachiadaki et al., (2019)	NA	SAG	o-100m	North Temperate
AG-894-B07	I	Ia	Ia.4	Ia.4.II	Pelagibacterales	Pelagibacteraceae	Lacunapelagibacter	NA	Pachiadaki et al., (2019)	NA	SAG	o-100m	North Temperate
AG-447-N18	I	Ia	Ia.4	Ia.4.II	Pelagibacterales	Pelagibacteraceae	Lacunapelagibacter	NA	Pachiadaki et al., (2019)	NA	SAG	o-100m	South Temperate
AG-919-L02	I	Ia	Ia.4	Ia.4.II	Pelagibacterales	Pelagibacteraceae	Lacunapelagibacter	NA	Pachiadaki et al., (2019)	NA	SAG	o-100m	North Temperate
HIMB1437	I	Ia	Ia.4	Ia.4.II	Pelagibacterales	Pelagibacteraceae	Lacunapelagibacter	akoakoaensis	Freel et al. (2024)	TRUE	isolate	o-100m	Tropical
AG-905-E10	I	Ia	Ia.4	Ia.4.II	Pelagibacterales	Pelagibacteraceae	Lacunapelagibacter	NA	Pachiadaki et al., (2019)	NA	SAG	o-100m	North Temperate
AG-917-K06	I	Ia	Ia.4	Ia.4.II	Pelagibacterales	Pelagibacteraceae	Lacunapelagibacter	NA	Pachiadaki et al., (2019)	NA	SAG	o-100m	North Temperate
HIMB1863	I	Ia	Ia.4	Ia.4.II	Pelagibacterales	Pelagibacteraceae	Lacunapelagibacter	NA	Freel et al., (2024)	NA	isolate	o-100m	Tropical
AH-287-G05	I	Ia	Ia.4	Ia.4.II	Pelagibacterales	Pelagibacteraceae	Lacunapelagibacter	NA	Pachiadaki et al., (2019)	NA	SAG	o-100m	Tropical
AH-321-M13	I	Ia	Ia.4	Ia.4.II	Pelagibacterales	Pelagibacteraceae	Lacunapelagibacter	NA	Pachiadaki et al., (2019)	NA	SAG	o-100m	Tropical
AH-321-D17	I	Ia	Ia.4	Ia.4.II	Pelagibacterales	Pelagibacteraceae	Lacunapelagibacter	NA	Pachiadaki et al., (2019)	NA	SAG	o-100m	Tropical
HIMB2104	I	Ia	Ia.4	Ia.4.II	Pelagibacterales	Pelagibacteraceae	Lacunapelagibacter	NA	Freel et al., (2024)	NA	isolate	o-100m	Tropical
HIMB2200	I	Ia	Ia.4	Ia.4.II	Pelagibacterales	Pelagibacteraceae	Lacunapelagibacter	NA	Freel et al., (2024)	NA	isolate	o-100m	Tropical
AG-918-G06	I	Ia	Ia.4	Ia.4.II	Pelagibacterales	Pelagibacteraceae	Lacunapelagibacter	NA	Pachiadaki et al., (2019)	NA	SAG	o-100m	North Temperate
HIMB2215	I	Ia	Ia.4	Ia.4.II	Pelagibacterales	Pelagibacteraceae	Lacunapelagibacter	NA	Freel et al., (2024)	NA	isolate	o-100m	Tropical
AG-919-C02	I	Ia	Ia.4	Ia.4.II	Pelagibacterales	Pelagibacteraceae	Lacunapelagibacter	NA	Pachiadaki et al., (2019)	NA	SAG	o-100m	North Temperate
HIMB2204	I	Ia	Ia.4	Ia.4.II	Pelagibacterales	Pelagibacteraceae	Lacunapelagibacter	NA	Freel et al., (2024)	NA	isolate	o-100m	Tropical
AG-891-C15	I	Ia	Ia.4	Ia.4.II	Pelagibacterales	Pelagibacteraceae	Lacunapelagibacter	NA	Pachiadaki et al., (2019)	NA	SAG	o-100m	North Temperate
AG-896-K10	I	Ia	Ia.4	Ia.4.II	Pelagibacterales	Pelagibacteraceae	Lacunapelagibacter	NA	Pachiadaki et al., (2019)	NA	SAG	o-100m	North Temperate
AG-903-F09	I	Ia	Ia.4	Ia.4.II	Pelagibacterales	Pelagibacteraceae	Lacunapelagibacter	NA	Pachiadaki et al., (2019)	NA	SAG	o-100m	North Temperate
AG-903-O08	I	Ia	Ia.4	Ia.4.II	Pelagibacterales	Pelagibacteraceae	Lacunapelagibacter	NA	Pachiadaki et al., (2019)	NA	SAG	o-100m	North Temperate
HIMB1402	I	Ia	Ia.4	Ia.4.II	Pelagibacterales	Pelagibacteraceae	Lacunapelagibacter	NA	Freel et al., (2024)	NA	isolate	o-100m	Tropical
HIMB1838	I	Ia	Ia.4	Ia.4.II	Pelagibacterales	Pelagibacteraceae	Lacunapelagibacter	NA	Freel et al., (2024)	NA	isolate	o-100m	Tropical
HIMB1835	I	Ia	Ia.4	Ia.4.II	Pelagibacterales	Pelagibacteraceae	Lacunapelagibacter	NA	Freel et al., (2024)	NA	isolate	o-100m	Tropical
AG-917-O20	I	Ia	Ia.4	Ia.4.II	Pelagibacterales	Pelagibacteraceae	Lacunapelagibacter	NA	Pachiadaki et al., (2019)	NA	SAG	o-100m	North Temperate
AG-905-G04	I	Ia	Ia.4	Ia.4.II	Pelagibacterales	Pelagibacteraceae	Lacunapelagibacter	NA	Pachiadaki et al., (2019)	NA	SAG	o-100m	North Temperate
HIMB1483	I	Ia	Ia.4	Ia.4.N4	Pelagibacterales	Pelagibacteraceae	Semelpelagibacter	kaneoheensis	Freel et al. (2024)	TRUE	isolate	o-100m	Tropical
AG-359-D09	I	Ia	Ia.4	Ia.4.N4	Pelagibacterales	Pelagibacteraceae	Punctumpelagibacter	variabilis	Pachiadaki et al., (2019)	TRUE	SAG	o-100m	North Temperate
AH-321-L23	I	Ia	Ia.4	Ia.4.N4	Pelagibacterales	Pelagibacteraceae	Punctumpelagibacter	NA	Pachiadaki et al., (2019)	NA	SAG	o-100m	Tropical
AH-321-P04	I	Ia	Ia.4	Ia.4.N4	Pelagibacterales	Pelagibacteraceae	Punctumpelagibacter	NA	Pachiadaki et al., (2019)	NA	SAG	o-100m	Tropical
AG-896-C18	I	Ia	Ia.4	Ia.4.N4	Pelagibacterales	Pelagibacteraceae	Punctumpelagibacter	NA	Pachiadaki et al., (2019)	NA	SAG	o-100m	North Temperate
AG-390-E04	I	Ia	Ia.4	Ia.4.N4	Pelagibacterales	Pelagibacteraceae	Punctumpelagibacter	NA	Pachiadaki et al., (2019)	NA	SAG	o-100m	North Temperate
AH-287-E08	I	Ia	Ia.4	Ia.4.N4	Pelagibacterales	Pelagibacteraceae	Punctumpelagibacter	NA	Pachiadaki et al., (2019)	NA	SAG	o-100m	Tropical
AG-422-C13	I	Ia	Ia.4	Ia.4.N4	Pelagibacterales	Pelagibacteraceae	Punctumpelagibacter	NA	Pachiadaki et al., (2019)	NA	SAG	o-100m	North Temperate
AG-337-D17	I	Ia	Ia.4	Ia.4.N5	Pelagibacterales	Pelagibacteraceae	Tantilluspelagibacter	NA	Pachiadaki et al., (2019)	NA	SAG	o-100m	South Temperate
AG-897-G15	I	Ia	Ia.4	Ia.4.N5	Pelagibacterales	Pelagibacteraceae	Tantilluspelagibacter	NA	Pachiadaki et al., (2019)	NA	SAG	o-100m	North Temperate
RS39	I	Ia	Ia.4	Ia.4.N5	Pelagibacterales	Pelagibacteraceae	Tantilluspelagibacter	rubimaris	Jimenez-Infante et. al., (2017)	TRUE	isolate	o-100m	Tropical
AG-447-F10	I	Ia	Ia.4	Ia.4.N5	Pelagibacterales	Pelagibacteraceae	Tantilluspelagibacter	NA	Pachiadaki et al., (2019)	NA	SAG	o-100m	South Temperate
AG-907-C04	I	Ia	Ia.4	Ia.4.N5	Pelagibacterales	Pelagibacteraceae	Tantilluspelagibacter	NA	Pachiadaki et al., (2019)	NA	SAG	o-100m	North Temperate
AG-896-L20	I	Ia	Ia.4	Ia.4.N5	Pelagibacterales	Pelagibacteraceae	Tantilluspelagibacter	NA	Pachiadaki et al., (2019)	NA	SAG	o-100m	North Temperate
AG-916-A16	I	Ia	Ia.4	Ia.4.N5	Pelagibacterales	Pelagibacteraceae	Tantilluspelagibacter	NA	Pachiadaki et al., (2019)	NA	SAG	o-100m	North Temperate
AG-909-J05	I	Ia	Ia.4	Ia.4.N5	Pelagibacterales	Pelagibacteraceae	Tantilluspelagibacter	NA	Pachiadaki et al., (2019)	NA	SAG	o-100m	North Temperate
AG-893-I20	I	Ia	Ia.4	Ia.4.N5	Pelagibacterales	Pelagibacteraceae	Tantilluspelagibacter	NA	Pachiadaki et al., (2019)	NA	SAG	o-100m	North Temperate
AG-899-J23	I	Ia	Ia.4	Ia.4.N5	Pelagibacterales	Pelagibacteraceae	Tantilluspelagibacter	NA	Pachiadaki et al., (2019)	NA	SAG	o-100m	North Temperate
HIMB1436	I	Ia	Ia.4	Ia.4.N5	Pelagibacterales	Pelagibacteraceae	Tantilluspelagibacter	NA	Freel et al., (2024)	NA	isolate	o-100m	Tropical
AG-909-G08	I	Ia	Ia.4	Ia.4.N5	Pelagibacterales	Pelagibacteraceae	Tantilluspelagibacter	NA	Pachiadaki et al., (2019)	NA	SAG	o-100m	North Temperate
AG-359-G22	I	Ia	Ia.4	Ia.4.N5	Pelagibacterales	Pelagibacteraceae	Tantilluspelagibacter	NA	Pachiadaki et al., (2019)	NA	SAG	o-100m	North Temperate
AG-447-P22	I	Ia	Ia.4	Ia.4.N5	Pelagibacterales	Pelagibacteraceae	Tantilluspelagibacter	NA	Pachiadaki et al., (2019)	NA	SAG	o-100m	South Temperate
AG-426-D09	I	Ia	Ia.4	Ia.4.N5	Pelagibacterales	Pelagibacteraceae	Tantilluspelagibacter	NA	Pachiadaki et al., (2019)	NA	SAG	o-100m	North Temperate
AG-910-B05	I	Ia	Ia.4	Ia.4.N5	Pelagibacterales	Pelagibacteraceae	Tantilluspelagibacter	NA	Pachiadaki et al., (2019)	NA	SAG	o-100m	North Temperate
AG-894-K14	I	Ia	Ia.4	Ia.4.N5	Pelagibacterales	Pelagibacteraceae	Tantilluspelagibacter	NA	Pachiadaki et al., (2019)	NA	SAG	o-100m	North Temperate
AG-911-E04	I	Ia	Ia.4	Ia.4.N5	Pelagibacterales	Pelagibacteraceae	Tantilluspelagibacter	NA	Pachiadaki et al., (2019)	NA	SAG	o-100m	North Temperate
HIMB2226	I	Ia	Ia.4	Ia.4.N5	Pelagibacterales	Pelagibacteraceae	Tantilluspelagibacter	NA	Freel et al., (2024)	NA	isolate	o-100m	Tropical
AG-447-B22	I	Ia	Ia.4	Ia.4.N5	Pelagibacterales	Pelagibacteraceae	Tantilluspelagibacter	NA	Pachiadaki et al., (2019)	NA	SAG	o-100m	South Temperate
AG-919-O02	I	Ia	Ia.4	Ia.4.N5	Pelagibacterales	Pelagibacteraceae	Tantilluspelagibacter	NA	Pachiadaki et al., (2019)	NA	SAG	o-100m	North Temperate
AH-287-J18	I	Ia	Ia.4	Ia.4.N5	Pelagibacterales	Pelagibacteraceae	Tantilluspelagibacter	NA	Pachiadaki et al., (2019)	NA	SAG	o-100m	Tropical
HIMB2187	I	Ia	Ia.4	Ia.4.N5	Pelagibacterales	Pelagibacteraceae	Tantilluspelagibacter	NA	Freel et al., (2024)	NA	isolate	o-100m	Tropical
AG-919-A21	I	Ia	Ia.4	Ia.4.N5	Pelagibacterales	Pelagibacteraceae	Tantilluspelagibacter	NA	Pachiadaki et al., (2019)	NA	SAG	o-100m	North Temperate
AG-895-K10	I	Ia	Ia.4	Ia.4.N6	Pelagibacterales	Pelagibacteraceae	Colligopelagibacter	wilhelmi	Pachiadaki et al., (2019)	TRUE	SAG	o-100m	North Temperate
AG-899-M07	I	Ia	Ia.4	Ia.4.N6	Pelagibacterales	Pelagibacteraceae	Colligopelagibacter	NA	Pachiadaki et al., (2019)	NA	SAG	o-100m	North Temperate
AG-905-A07	I	Ia	Ia.4	Ia.4.N6	Pelagibacterales	Pelagibacteraceae	Colligopelagibacter	NA	Pachiadaki et al., (2019)	NA	SAG	o-100m	North Temperate
AG-919-F03	I	Ia	Ia.4	Ia.4.N6	Pelagibacterales	Pelagibacteraceae	Colligopelagibacter	NA	Pachiadaki et al., (2019)	NA	SAG	o-100m	North Temperate
BACL5_MAG-120820-bin39	I	Ia	Ia.5	Ia.5	Pelagibacterales	Pelagibacteraceae	NA	NA	Hugerth et al. (2015)	NA	MAG	o-100m	North Temperate
BACL5_MAG-121015-bin10	I	Ia	Ia.5	Ia.5	Pelagibacterales	Pelagibacteraceae	NA	NA	Hugerth et al. (2015)	NA	MAG	o-100m	North Temperate
Baikal-G1	I	Ia	Ia.5	Ia.5	Pelagibacterales	Pelagibacteraceae	NA	NA	Cabello-Yeves et al., (2018)	NA	MAG	o-100m	North Temperate
AG-899-B09	I	Ib	Ib.1	Ib.1.I	Pelagibacterales	Pelagibacteraceae	Superopelagibacter	NA	Pachiadaki et al., (2019)	NA	SAG	o-100m	North Temperate
AG-899-D19	I	Ib	Ib.1	Ib.1.I	Pelagibacterales	Pelagibacteraceae	Superopelagibacter	NA	Pachiadaki et al., (2019)	NA	SAG	o-100m	North Temperate
AG-917-E05	I	Ib	Ib.1	Ib.1.I	Pelagibacterales	Pelagibacteraceae	Superopelagibacter	NA	Pachiadaki et al., (2019)	NA	SAG	o-100m	North Temperate
AG-918-G15	I	Ib	Ib.1	Ib.1.I	Pelagibacterales	Pelagibacteraceae	Superopelagibacter	NA	Pachiadaki et al., (2019)	NA	SAG	o-100m	North Temperate
AG-917-D09	I	Ib	Ib.1	Ib.1.I	Pelagibacterales	Pelagibacteraceae	Superopelagibacter	NA	Pachiadaki et al., (2019)	NA	SAG	o-100m	North Temperate
RS40	I	Ib	Ib.1	Ib.1.I	Pelagibacterales	Pelagibacteraceae	Superopelagibacter	microceni	Jimenez-Infante et. al., (2017)	TRUE	isolate	o-100m	Tropical
AH-287-O09	I	Ib	Ib.1	Ib.1.I	Pelagibacterales	Pelagibacteraceae	Superopelagibacter	NA	Pachiadaki et al., (2019)	NA	SAG	o-100m	Tropical
HIMB2305	I	Ib	Ib.1	Ib.1.I	Pelagibacterales	Pelagibacteraceae	Superopelagibacter	NA	Freel et al., (2024)	NA	isolate	o-100m	Tropical
AH-324-K09	I	Ib	Ib.1	Ib.1.I	Pelagibacterales	Pelagibacteraceae	Superopelagibacter	NA	Pachiadaki et al., (2019)	NA	SAG	o-100m	Tropical
AG-337-D16	I	Ib	Ib.1	Ib.1.III	Pelagibacterales	Pelagibacteraceae	Copiapelagibacter	NA	Pachiadaki et al., (2019)	NA	SAG	o-100m	South Temperate
AG-891-N03	I	Ib	Ib.1	Ib.1.III	Pelagibacterales	Pelagibacteraceae	Copiapelagibacter	NA	Pachiadaki et al., (2019)	NA	SAG	o-100m	North Temperate
AG-900-I13	I	Ib	Ib.1	Ib.1.III	Pelagibacterales	Pelagibacteraceae	Copiapelagibacter	NA	Pachiadaki et al., (2019)	NA	SAG	o-100m	North Temperate
AG-917-D03	I	Ib	Ib.1	Ib.1.III	Pelagibacterales	Pelagibacteraceae	Copiapelagibacter	NA	Pachiadaki et al., (2019)	NA	SAG	o-100m	North Temperate
AG-918-G22	I	Ib	Ib.1	Ib.1.III	Pelagibacterales	Pelagibacteraceae	Copiapelagibacter	NA	Pachiadaki et al., (2019)	NA	SAG	o-100m	North Temperate
AG-892-F15	I	Ib	Ib.1	Ib.1.III	Pelagibacterales	Pelagibacteraceae	Copiapelagibacter	splendidus	Pachiadaki et al., (2019)	TRUE	SAG	o-100m	North Temperate
AG-894-F15	I	Ib	Ib.1	Ib.1.III	Pelagibacterales	Pelagibacteraceae	Copiapelagibacter	NA	Pachiadaki et al., (2019)	NA	SAG	o-100m	North Temperate
AG-896-G07	I	Ib	Ib.1	Ib.1.III	Pelagibacterales	Pelagibacteraceae	Copiapelagibacter	NA	Pachiadaki et al., (2019)	NA	SAG	o-100m	North Temperate
GOM-A1	I	Ib	Ib.1	Ib.1.III	Pelagibacterales	Pelagibacteraceae	Copiapelagibacter	NA	Tsementzi et al., (2016)	NA	SAG	o-100m	North Temperate
AG-913-N09	I	Ib	Ib.1	Ib.1.III	Pelagibacterales	Pelagibacteraceae	Copiapelagibacter	NA	Pachiadaki et al., (2019)	NA	SAG	o-100m	North Temperate
AG-893-J08	I	Ib	Ib.1	Ib.1.III	Pelagibacterales	Pelagibacteraceae	Copiapelagibacter	NA	Pachiadaki et al., (2019)	NA	SAG	o-100m	North Temperate
AG-893-M22	I	Ib	Ib.1	Ib.1.III	Pelagibacterales	Pelagibacteraceae	Copiapelagibacter	NA	Pachiadaki et al., (2019)	NA	SAG	o-100m	North Temperate
AG-900-G16	I	Ib	Ib.1	Ib.1.III	Pelagibacterales	Pelagibacteraceae	Copiapelagibacter	NA	Pachiadaki et al., (2019)	NA	SAG	o-100m	North Temperate
AG-920-L20	I	Ib	Ib.1	Ib.1.III	Pelagibacterales	Pelagibacteraceae	Copiapelagibacter	NA	Pachiadaki et al., (2019)	NA	SAG	o-100m	North Temperate
AG-900-I19	I	Ib	Ib.1	Ib.1.III	Pelagibacterales	Pelagibacteraceae	Copiapelagibacter	NA	Pachiadaki et al., (2019)	NA	SAG	o-100m	North Temperate
AG-894-A03	I	Ib	Ib.1	Ib.1.III	Pelagibacterales	Pelagibacteraceae	Copiapelagibacter	NA	Pachiadaki et al., (2019)	NA	SAG	o-100m	North Temperate
AG-359-G17	I	Ib	Ib.1	Ib.1.III	Pelagibacterales	Pelagibacteraceae	Copiapelagibacter	NA	Pachiadaki et al., (2019)	NA	SAG	o-100m	North Temperate
AG-426-M19	I	Ib	Ib.1	Ib.1.III	Pelagibacterales	Pelagibacteraceae	Copiapelagibacter	NA	Pachiadaki et al., (2019)	NA	SAG	o-100m	North Temperate
AG-894-B06	I	Ib	Ib.1	Ib.1.III	Pelagibacterales	Pelagibacteraceae	Copiapelagibacter	NA	Pachiadaki et al., (2019)	NA	SAG	o-100m	North Temperate
AG-903-C11	I	Ib	Ib.1	Ib.1.III	Pelagibacterales	Pelagibacteraceae	Copiapelagibacter	NA	Pachiadaki et al., (2019)	NA	SAG	o-100m	North Temperate
AG-897-O16	I	Ib	Ib.1	Ib.1.III	Pelagibacterales	Pelagibacteraceae	Copiapelagibacter	NA	Pachiadaki et al., (2019)	NA	SAG	o-100m	North Temperate
AG-899-O04	I	Ib	Ib.1	Ib.1.III	Pelagibacterales	Pelagibacteraceae	Copiapelagibacter	NA	Pachiadaki et al., (2019)	NA	SAG	o-100m	North Temperate
AG-913-G10	I	Ib	Ib.1	Ib.1.III	Pelagibacterales	Pelagibacteraceae	Copiapelagibacter	NA	Pachiadaki et al., (2019)	NA	SAG	o-100m	North Temperate
AG-918-E02	I	Ib	Ib.1	Ib.1.III	Pelagibacterales	Pelagibacteraceae	Copiapelagibacter	NA	Pachiadaki et al., (2019)	NA	SAG	o-100m	North Temperate
AG-893-N07	I	Ib	Ib.1	Ib.1.III	Pelagibacterales	Pelagibacteraceae	Copiapelagibacter	NA	Pachiadaki et al., (2019)	NA	SAG	o-100m	North Temperate
AG-912-A14	I	Ib	Ib.1	Ib.1.III	Pelagibacterales	Pelagibacteraceae	Copiapelagibacter	NA	Pachiadaki et al., (2019)	NA	SAG	o-100m	North Temperate
AG-898-G21	I	Ib	Ib.1	Ib.1.III	Pelagibacterales	Pelagibacteraceae	Copiapelagibacter	NA	Pachiadaki et al., (2019)	NA	SAG	o-100m	North Temperate
AG-909-F14	I	Ib	Ib.1	Ib.1.III	Pelagibacterales	Pelagibacteraceae	Copiapelagibacter	NA	Pachiadaki et al., (2019)	NA	SAG	o-100m	North Temperate
AG-912-I02	I	Ib	Ib.1	Ib.1.III	Pelagibacterales	Pelagibacteraceae	Copiapelagibacter	NA	Pachiadaki et al., (2019)	NA	SAG	o-100m	North Temperate
AG-359-O11	I	Ib	Ib.1	Ib.1.III	Pelagibacterales	Pelagibacteraceae	Copiapelagibacter	NA	Pachiadaki et al., (2019)	NA	SAG	o-100m	North Temperate
AG-915-G14	I	Ib	Ib.1	Ib.1.III	Pelagibacterales	Pelagibacteraceae	Copiapelagibacter	NA	Pachiadaki et al., (2019)	NA	SAG	o-100m	North Temperate
AG-916-E19	I	Ib	Ib.1	Ib.1.III	Pelagibacterales	Pelagibacteraceae	Copiapelagibacter	NA	Pachiadaki et al., (2019)	NA	SAG	o-100m	North Temperate
AG-917-D23	I	Ib	Ib.1	Ib.1.III	Pelagibacterales	Pelagibacteraceae	Copiapelagibacter	NA	Pachiadaki et al., (2019)	NA	SAG	o-100m	North Temperate
AG-426-E13	I	Ib	Ib.1	Ib.1.III	Pelagibacterales	Pelagibacteraceae	Copiapelagibacter	NA	Pachiadaki et al., (2019)	NA	SAG	o-100m	North Temperate
AG-894-L19	I	Ib	Ib.1	Ib.1.III	Pelagibacterales	Pelagibacteraceae	Copiapelagibacter	NA	Pachiadaki et al., (2019)	NA	SAG	o-100m	North Temperate
AG-913-I09	I	Ib	Ib.1	Ib.1.III	Pelagibacterales	Pelagibacteraceae	Copiapelagibacter	NA	Pachiadaki et al., (2019)	NA	SAG	o-100m	North Temperate
AG-359-B05	I	Ib	Ib.1	Ib.1.III	Pelagibacterales	Pelagibacteraceae	Copiapelagibacter	NA	Pachiadaki et al., (2019)	NA	SAG	o-100m	North Temperate
AG-892-B11	I	Ib	Ib.1	Ib.1.III	Pelagibacterales	Pelagibacteraceae	Copiapelagibacter	NA	Pachiadaki et al., (2019)	NA	SAG	o-100m	North Temperate
AG-894-E10	I	Ib	Ib.1	Ib.1.III	Pelagibacterales	Pelagibacteraceae	Copiapelagibacter	NA	Pachiadaki et al., (2019)	NA	SAG	o-100m	North Temperate
AG-908-L09	I	Ib	Ib.1	Ib.1.III	Pelagibacterales	Pelagibacteraceae	Copiapelagibacter	NA	Pachiadaki et al., (2019)	NA	SAG	o-100m	North Temperate
AG-917-D14	I	Ib	Ib.1	Ib.1.III	Pelagibacterales	Pelagibacteraceae	Copiapelagibacter	NA	Pachiadaki et al., (2019)	NA	SAG	o-100m	North Temperate
AG-892-J03	I	Ib	Ib.1	Ib.1.III	Pelagibacterales	Pelagibacteraceae	Copiapelagibacter	NA	Pachiadaki et al., (2019)	NA	SAG	o-100m	North Temperate
AG-899-A06	I	Ib	Ib.1	Ib.1.III	Pelagibacterales	Pelagibacteraceae	Copiapelagibacter	NA	Pachiadaki et al., (2019)	NA	SAG	o-100m	North Temperate
AG-918-K13	I	Ib	Ib.1	Ib.1.III	Pelagibacterales	Pelagibacteraceae	Copiapelagibacter	NA	Pachiadaki et al., (2019)	NA	SAG	o-100m	North Temperate
AG-916-L11	I	Ib	Ib.1	Ib.1.III	Pelagibacterales	Pelagibacteraceae	Copiapelagibacter	NA	Pachiadaki et al., (2019)	NA	SAG	o-100m	North Temperate
AG-897-G09	I	Ib	Ib.1	Ib.1.III	Pelagibacterales	Pelagibacteraceae	Copiapelagibacter	NA	Pachiadaki et al., (2019)	NA	SAG	o-100m	North Temperate
AG-916-B06	I	Ib	Ib.1	Ib.1.III	Pelagibacterales	Pelagibacteraceae	Copiapelagibacter	NA	Pachiadaki et al., (2019)	NA	SAG	o-100m	North Temperate
AG-337-C09	I	Ib	Ib.2.a	Ib.2.I	Pelagibacterales	Pelagibacteraceae	Stellipelagibacter	NA	Pachiadaki et al., (2019)	NA	SAG	o-100m	South Temperate
AG-404-P13	I	Ib	Ib.2.a	Ib.2.I	Pelagibacterales	Pelagibacteraceae	Stellipelagibacter	NA	Pachiadaki et al., (2019)	NA	SAG	o-100m	North Temperate
AG-907-F09	I	Ib	Ib.2.a	Ib.2.I	Pelagibacterales	Pelagibacteraceae	Stellipelagibacter	NA	Pachiadaki et al., (2019)	NA	SAG	o-100m	North Temperate
AG-337-G04	I	Ib	Ib.2.a	Ib.2.I	Pelagibacterales	Pelagibacteraceae	Stellipelagibacter	NA	Pachiadaki et al., (2019)	NA	SAG	o-100m	South Temperate
AG-461-L09	I	Ib	Ib.2.a	Ib.2.I	Pelagibacterales	Pelagibacteraceae	Stellipelagibacter	NA	Pachiadaki et al., (2019)	NA	SAG	o-100m	South Temperate
AG-894-L17	I	Ib	Ib.2.a	Ib.2.I	Pelagibacterales	Pelagibacteraceae	Stellipelagibacter	NA	Pachiadaki et al., (2019)	NA	SAG	o-100m	North Temperate
AG-414-O09	I	Ib	Ib.2.a	Ib.2.I	Pelagibacterales	Pelagibacteraceae	Stellipelagibacter	NA	Pachiadaki et al., (2019)	NA	SAG	100-200m	North Temperate
AG-893-L07	I	Ib	Ib.2.a	Ib.2.I	Pelagibacterales	Pelagibacteraceae	Stellipelagibacter	NA	Pachiadaki et al., (2019)	NA	SAG	o-100m	North Temperate
AG-904-K03	I	Ib	Ib.2.a	Ib.2.I	Pelagibacterales	Pelagibacteraceae	Stellipelagibacter	NA	Pachiadaki et al., (2019)	NA	SAG	o-100m	North Temperate
AG-908-F18	I	Ib	Ib.2.a	Ib.2.I	Pelagibacterales	Pelagibacteraceae	Stellipelagibacter	NA	Pachiadaki et al., (2019)	NA	SAG	o-100m	North Temperate
AG-916-B15	I	Ib	Ib.2.a	Ib.2.I	Pelagibacterales	Pelagibacteraceae	Stellipelagibacter	NA	Pachiadaki et al., (2019)	NA	SAG	o-100m	North Temperate
AG-896-F06	I	Ib	Ib.2.a	Ib.2.I	Pelagibacterales	Pelagibacteraceae	Stellipelagibacter	NA	Pachiadaki et al., (2019)	NA	SAG	o-100m	North Temperate
AG-916-O20	I	Ib	Ib.2.a	Ib.2.I	Pelagibacterales	Pelagibacteraceae	Stellipelagibacter	NA	Pachiadaki et al., (2019)	NA	SAG	o-100m	North Temperate
AG-901-I06	I	Ib	Ib.2.a	Ib.2.I	Pelagibacterales	Pelagibacteraceae	Stellipelagibacter	NA	Pachiadaki et al., (2019)	NA	SAG	o-100m	North Temperate
AG-337-C19	I	Ib	Ib.2.b	Ib.2.N10	Pelagibacterales	Pelagibacteraceae	Fususpelagibacter	NA	Pachiadaki et al., (2019)	NA	SAG	o-100m	South Temperate
AG-893-L13	I	Ib	Ib.2.b	Ib.2.N10	Pelagibacterales	Pelagibacteraceae	Fususpelagibacter	NA	Pachiadaki et al., (2019)	NA	SAG	o-100m	North Temperate
AG-899-M19	I	Ib	Ib.2.b	Ib.2.N10	Pelagibacterales	Pelagibacteraceae	Fususpelagibacter	NA	Pachiadaki et al., (2019)	NA	SAG	o-100m	North Temperate
AG-917-F16	I	Ib	Ib.2.b	Ib.2.N10	Pelagibacterales	Pelagibacteraceae	Fususpelagibacter	NA	Pachiadaki et al., (2019)	NA	SAG	o-100m	North Temperate
AG-905-M05	I	Ib	Ib.2.b	Ib.2.N10	Pelagibacterales	Pelagibacteraceae	Fususpelagibacter	tranquillus	Pachiadaki et al., (2019)	TRUE	SAG	o-100m	North Temperate
AG-893-P02	I	Ib	Ib.2.b	Ib.2.N10	Pelagibacterales	Pelagibacteraceae	Fususpelagibacter	NA	Pachiadaki et al., (2019)	NA	SAG	o-100m	North Temperate
AG-426-F15	I	Ib	Ib.2.a	Ib.2.N7	Pelagibacterales	Pelagibacteraceae	Parvipelagibacter	dignotus	Pachiadaki et al., (2019)	TRUE	SAG	o-100m	North Temperate
AG-903-L07	I	Ib	Ib.2.a	Ib.2.N7	Pelagibacterales	Pelagibacteraceae	Parvipelagibacter	NA	Pachiadaki et al., (2019)	NA	SAG	o-100m	North Temperate
AG-905-O08	I	Ib	Ib.2.a	Ib.2.N7	Pelagibacterales	Pelagibacteraceae	Parvipelagibacter	NA	Pachiadaki et al., (2019)	NA	SAG	o-100m	North Temperate
AG-916-G09	I	Ib	Ib.2.a	Ib.2.N7	Pelagibacterales	Pelagibacteraceae	Parvipelagibacter	NA	Pachiadaki et al., (2019)	NA	SAG	o-100m	North Temperate
AG-918-B06	I	Ib	Ib.2.a	Ib.2.N7	Pelagibacterales	Pelagibacteraceae	Parvipelagibacter	NA	Pachiadaki et al., (2019)	NA	SAG	o-100m	North Temperate
AG-915-G13	I	Ib	Ib.2.a	Ib.2.N7	Pelagibacterales	Pelagibacteraceae	Parvipelagibacter	NA	Pachiadaki et al., (2019)	NA	SAG	o-100m	North Temperate
AG-365-D07	I	Ib	Ib.3	Ib.3	Pelagibacterales	Pelagibacteraceae	NA	NA	Pachiadaki et al., (2019)	NA	SAG	o-100m	North Temperate
AG-390-C19	I	Ib	Ib.3	Ib.3	Pelagibacterales	Pelagibacteraceae	NA	NA	Pachiadaki et al., (2019)	NA	SAG	o-100m	North Temperate
AG-422-N14	I	Ib	Ib.3	Ib.3	Pelagibacterales	Pelagibacteraceae	NA	NA	Pachiadaki et al., (2019)	NA	SAG	o-100m	North Temperate
AG-426-G09	I	Ib	Ib.3	Ib.3	Pelagibacterales	Pelagibacteraceae	NA	NA	Pachiadaki et al., (2019)	NA	SAG	o-100m	North Temperate
AG-414-M23	I	Ib	Ib.3	Ib.3	Pelagibacterales	Pelagibacteraceae	NA	NA	Pachiadaki et al., (2019)	NA	SAG	100-200m	North Temperate
AG-439-O15	I	Ib	Ib.3	Ib.3	Pelagibacterales	Pelagibacteraceae	NA	NA	Pachiadaki et al., (2019)	NA	SAG	o-100m	Tropical
AG-426-E17	I	Ib	Ib.4	Ib.4.I	Pelagibacterales	Pelagibacteraceae	Passimpelagibacter	unicum	Pachiadaki et al., (2019)	TRUE	SAG	o-100m	North Temperate
AG-891-E06	I	Ib	Ib.4	Ib.4.I	Pelagibacterales	Pelagibacteraceae	Passimpelagibacter	NA	Pachiadaki et al., (2019)	NA	SAG	o-100m	North Temperate
AG-916-A21	I	Ib	Ib.4	Ib.4.I	Pelagibacterales	Pelagibacteraceae	Passimpelagibacter	NA	Pachiadaki et al., (2019)	NA	SAG	o-100m	North Temperate
AG-325-E08	I	Ia	Ia.4	Ib.4.N2	Pelagibacterales	Pelagibacteraceae	Pantolocipelagibacter	NA	Pachiadaki et al., (2019)	NA	SAG	o-100m	Tropical
AG-390-D02	I	Ia	Ia.4	Ib.4.N2	Pelagibacterales	Pelagibacteraceae	Pantolocipelagibacter	NA	Pachiadaki et al., (2019)	NA	SAG	o-100m	North Temperate
AG-390-D15	I	Ia	Ia.4	Ib.4.N2	Pelagibacterales	Pelagibacteraceae	Pantolocipelagibacter	NA	Pachiadaki et al., (2019)	NA	SAG	o-100m	North Temperate
AG-390-M02	I	Ia	Ia.4	Ib.4.N2	Pelagibacterales	Pelagibacteraceae	Pantolocipelagibacter	NA	Pachiadaki et al., (2019)	NA	SAG	o-100m	North Temperate
AG-390-J13	I	Ia	Ia.4	Ib.4.N2	Pelagibacterales	Pelagibacteraceae	Pantolocipelagibacter	NA	Pachiadaki et al., (2019)	NA	SAG	o-100m	North Temperate
SAG-MED11	I	Ia	Ia.4	Ib.4.N2	Pelagibacterales	Pelagibacteraceae	Pantolocipelagibacter	NA	Martinez-Hernandez et al., (2019); Haro-Moreno et al., (2020)	NA	SAG	o-100m	North Temperate
AG-916-G19	I	Ia	Ia.4	Ib.4.N2	Pelagibacterales	Pelagibacteraceae	Pantolocipelagibacter	undulans	Pachiadaki et al., (2019)	TRUE	SAG	o-100m	North Temperate
AG-893-F11	I	Ia	Ia.4	Ib.4.N3	Pelagibacterales	Pelagibacteraceae	Proventuspelagibacter	oceanicus	Pachiadaki et al., (2019)	TRUE	SAG	o-100m	North Temperate
AG-892-K05	I	Ia	Ia.4	Ib.4.N8	Pelagibacterales	Pelagibacteraceae	Mediuspelagibacter	NA	Pachiadaki et al., (2019)	NA	SAG	o-100m	North Temperate
AG-912-C08	I	Ia	Ia.4	Ib.4.N8	Pelagibacterales	Pelagibacteraceae	Mediuspelagibacter	NA	Pachiadaki et al., (2019)	NA	SAG	o-100m	North Temperate
AG-899-G02	I	Ia	Ia.4	Ib.4.N8	Pelagibacterales	Pelagibacteraceae	Mediuspelagibacter	NA	Pachiadaki et al., (2019)	NA	SAG	o-100m	North Temperate
AG-900-K21	I	Ia	Ia.4	Ib.4.N8	Pelagibacterales	Pelagibacteraceae	Mediuspelagibacter	NA	Pachiadaki et al., (2019)	NA	SAG	o-100m	North Temperate
AG-908-F20	I	Ia	Ia.4	Ib.4.N8	Pelagibacterales	Pelagibacteraceae	Mediuspelagibacter	NA	Pachiadaki et al., (2019)	NA	SAG	o-100m	North Temperate
AG-894-L13	I	Ia	Ia.4	Ib.4.N8	Pelagibacterales	Pelagibacteraceae	Mediuspelagibacter	NA	Pachiadaki et al., (2019)	NA	SAG	o-100m	North Temperate
AG-895-J19	I	Ia	Ia.4	Ib.4.N8	Pelagibacterales	Pelagibacteraceae	Mediuspelagibacter	NA	Pachiadaki et al., (2019)	NA	SAG	o-100m	North Temperate
AG-461-M18	I	Ib	Ib.4	Ib.4.N8	Pelagibacterales	Pelagibacteraceae	Mediuspelagibacter	NA	Pachiadaki et al., (2019)	NA	SAG	o-100m	South Temperate
AG-893-K09	I	Ib	Ib.4	Ib.4.N8	Pelagibacterales	Pelagibacteraceae	Mediuspelagibacter	bermudensis	Pachiadaki et al., (2019)	TRUE	SAG	o-100m	North Temperate
AG-901-I21	I	Ib	Ib.4	Ib.4.N8	Pelagibacterales	Pelagibacteraceae	Mediuspelagibacter	NA	Pachiadaki et al., (2019)	NA	SAG	o-100m	North Temperate
AG-917-M15	I	Ib	Ib.4	Ib.4.N8	Pelagibacterales	Pelagibacteraceae	Mediuspelagibacter	NA	Pachiadaki et al., (2019)	NA	SAG	o-100m	North Temperate
AG-909-A17	I	Ib	Ib.4	Ib.4.N8	Pelagibacterales	Pelagibacteraceae	Mediuspelagibacter	NA	Pachiadaki et al., (2019)	NA	SAG	o-100m	North Temperate
AG-920-I06	I	Ib	Ib.4	Ib.4.N8	Pelagibacterales	Pelagibacteraceae	Mediuspelagibacter	NA	Pachiadaki et al., (2019)	NA	SAG	o-100m	North Temperate
AG-917-B07	I	Ib	Ib.4	Ib.4.N8	Pelagibacterales	Pelagibacteraceae	Mediuspelagibacter	NA	Pachiadaki et al., (2019)	NA	SAG	o-100m	North Temperate
AG-920-L19	I	Ib	Ib.4	Ib.4.N8	Pelagibacterales	Pelagibacteraceae	Mediuspelagibacter	NA	Pachiadaki et al., (2019)	NA	SAG	o-100m	North Temperate
AH-324-B10	I	Ib	Ib.4	Ib.4.N8	Pelagibacterales	Pelagibacteraceae	Mediuspelagibacter	NA	Pachiadaki et al., (2019)	NA	SAG	o-100m	Tropical
AG-430-F16	I	Ib	Ib.4	Ib.4.N9	Pelagibacterales	Pelagibacteraceae	Amplipelagibacter	globalis	Pachiadaki et al., (2019)	TRUE	SAG	o-100m	North Temperate
AG-430-J04	I	Ib	Ib.4	Ib.4.N9	Pelagibacterales	Pelagibacteraceae	Amplipelagibacter	NA	Pachiadaki et al., (2019)	NA	SAG	o-100m	North Temperate
AG-907-E04	I	Ib	Ib.4	Ib.4.N9	Pelagibacterales	Pelagibacteraceae	Amplipelagibacter	NA	Pachiadaki et al., (2019)	NA	SAG	o-100m	North Temperate
AG-914-A09	I	Ib	Ib.4	Ib.4.N9	Pelagibacterales	Pelagibacteraceae	Amplipelagibacter	NA	Pachiadaki et al., (2019)	NA	SAG	o-100m	North Temperate
AG-453-K22	I	Ib	Ib.4	Ib.4.N9	Pelagibacterales	Pelagibacteraceae	Amplipelagibacter	NA	Pachiadaki et al., (2019)	NA	SAG	o-100m	South Temperate
AG-916-O13	I	Ib	Ib.4	Ib.4.N9	Pelagibacterales	Pelagibacteraceae	Amplipelagibacter	NA	Pachiadaki et al., (2019)	NA	SAG	o-100m	North Temperate
AG-903-K07	I	Ib	Ib.4	Ib.4.N9	Pelagibacterales	Pelagibacteraceae	Amplipelagibacter	NA	Pachiadaki et al., (2019)	NA	SAG	o-100m	North Temperate
AG-325-C21	I	Ib	Ib.5	Ib.5	Pelagibacterales	Pelagibacteraceae	NA	NA	Pachiadaki et al., (2019)	NA	SAG	o-100m	Tropical
SAG-MED15	I	Ib	Ib.5	Ib.5	Pelagibacterales	Pelagibacteraceae	NA	NA	Martinez-Hernandez et al., (2019); Haro-Moreno et al., (2020)	NA	SAG	o-100m	North Temperate
AG-422-N15	I	Ib	Ib.5	Ib.5	Pelagibacterales	Pelagibacteraceae	NA	NA	Pachiadaki et al., (2019)	NA	SAG	o-100m	North Temperate
AG-349-I05	I	Ib	Ib.5	Ib.N11	Pelagibacterales	Pelagibacteraceae	Rubeuspelagibacter	NA	Pachiadaki et al., (2019)	NA	SAG	o-100m	North Temperate
AG-430-I18	I	Ib	Ib.5	Ib.N11	Pelagibacterales	Pelagibacteraceae	Rubeuspelagibacter	NA	Pachiadaki et al., (2019)	NA	SAG	o-100m	North Temperate
AG-914-L20	I	Ib	Ib.5	Ib.N11	Pelagibacterales	Pelagibacteraceae	Rubeuspelagibacter	NA	Pachiadaki et al., (2019)	NA	SAG	o-100m	North Temperate
AH-324-E14	I	Ib	Ib.5	Ib.N11	Pelagibacterales	Pelagibacteraceae	Rubeuspelagibacter	NA	Pachiadaki et al., (2019)	NA	SAG	o-100m	Tropical
AG-911-N14	I	Ib	Ib.5	Ib.N11	Pelagibacterales	Pelagibacteraceae	Rubeuspelagibacter	NA	Pachiadaki et al., (2019)	NA	SAG	o-100m	North Temperate
ARS1026	I	Ic	Ic.1	Ic.1	Pelagibacterales	Pelagibacteraceae	Mesopelagibacter	NA	Tully et al. (2018)	NA	MAG	NA	NA
AG-414-E02	I	Ic	Ic.2	Ic.2	Pelagibacterales	Mesopelagibacteraceae	Mesopelagibacter	carboxydoxivorans	Pachiadaki et al., (2019)	TRUE	SAG	100-200m	North Temperate
ARS1	I	Ic	Ic.2	Ic.2	Pelagibacterales	Mesopelagibacteraceae	Mesopelagibacter	NA	Tully et al. (2018)	NA	MAG	NA	NA
MED605	I	Ic	Ic.2	Ic.2	Pelagibacterales	Mesopelagibacteraceae	Mesopelagibacter	NA	Tully et al. (2018)	NA	MAG	NA	NA
AG-343-E17	II	IIa	IIa.A	IIa.A.1	Pelagibacterales	Cosmipelagibacteraceae	Anoxipelagibacter	NA	Pachiadaki et al., (2019)	NA	SAG	100-200m	South Temperate
AG-439-C08	II	IIa	IIa.A	IIa.A.1	Pelagibacterales	Cosmipelagibacteraceae	Anoxipelagibacter	NA	Pachiadaki et al., (2019)	NA	SAG	o-100m	Tropical
AG-414-B15	II	IIa	IIa.A	IIa.A.1	Pelagibacterales	Cosmipelagibacteraceae	Anoxipelagibacter	NA	Pachiadaki et al., (2019)	NA	SAG	100-200m	North Temperate
AG-365-B19	II	IIa	IIa.A	IIa.A.1	Pelagibacterales	Cosmipelagibacteraceae	Anoxipelagibacter	NA	Pachiadaki et al., (2019)	NA	SAG	o-100m	North Temperate
AG-426-O05	II	IIa	IIa.A	IIa.A.1	Pelagibacterales	Cosmipelagibacteraceae	Anoxipelagibacter	NA	Pachiadaki et al., (2019)	NA	SAG	o-100m	North Temperate
AG-422-A21	II	IIa	IIa.A	IIa.A.1	Pelagibacterales	Cosmipelagibacteraceae	Anoxipelagibacter	NA	Pachiadaki et al., (2019)	NA	SAG	o-100m	North Temperate
AG-426-I15	II	IIa	IIa.A	IIa.A.1	Pelagibacterales	Cosmipelagibacteraceae	Anoxipelagibacter	NA	Pachiadaki et al., (2019)	NA	SAG	o-100m	North Temperate
AG-430-F03	II	IIa	IIa.A	IIa.A.1	Pelagibacterales	Cosmipelagibacteraceae	Anoxipelagibacter	NA	Pachiadaki et al., (2019)	NA	SAG	o-100m	North Temperate
AG-325-E20	II	IIa	IIa.A	IIa.A.2	Pelagibacterales	Cosmipelagibacteraceae	Anoxipelagibacter	NA	Pachiadaki et al., (2019)	NA	SAG	o-100m	Tropical
AG-904-F11	II	IIa	IIa.A	IIa.A.2	Pelagibacterales	Cosmipelagibacteraceae	Anoxipelagibacter	NA	Pachiadaki et al., (2019)	NA	SAG	o-100m	North Temperate
AG-920-L07	II	IIa	IIa.A	IIa.A.2	Pelagibacterales	Cosmipelagibacteraceae	Anoxipelagibacter	NA	Pachiadaki et al., (2019)	NA	SAG	o-100m	North Temperate
AG-422-L15	II	IIa	IIa.A	IIa.A.2	Pelagibacterales	Cosmipelagibacteraceae	Anoxipelagibacter	NA	Pachiadaki et al., (2019)	NA	SAG	o-100m	North Temperate
AG-916-D16	II	IIa	IIa.A	IIa.A.2	Pelagibacterales	Cosmipelagibacteraceae	Anoxipelagibacter	NA	Pachiadaki et al., (2019)	NA	SAG	o-100m	North Temperate
AG-912-D10	II	IIa	IIa.A	IIa.A.2	Pelagibacterales	Cosmipelagibacteraceae	Anoxipelagibacter	NA	Pachiadaki et al., (2019)	NA	SAG	o-100m	North Temperate
AG-916-G03	II	IIa	IIa.A	IIa.A.2	Pelagibacterales	Cosmipelagibacteraceae	Anoxipelagibacter	NA	Pachiadaki et al., (2019)	NA	SAG	o-100m	North Temperate
MED-G40	II	IIa	IIa.A	IIa.A.2	Pelagibacterales	Cosmipelagibacteraceae	Anoxipelagibacter	NA	Haro-Moreno et al. (2018)	NA	MAG	NA	North Temperate
AG-313-A04	II	IIa	IIa.B	IIa.B	Pelagibacterales	Cosmipelagibacteraceae	Cosmipelagibacter	NA	Pachiadaki et al., (2019)	NA	SAG	o-100m	Tropical
AG-918-N23	II	IIa	IIa.B	IIa.B	Pelagibacterales	Cosmipelagibacteraceae	Cosmipelagibacter	NA	Pachiadaki et al., (2019)	NA	SAG	o-100m	North Temperate
HIMB058	II	IIa	IIa.B	IIa.B	Pelagibacterales	Cosmipelagibacteraceae	Cosmipelagibacter	malulaniensis	Brandon M.S. thesis (2006)	TRUE	isolate	o-100m	Tropical
AG-422-F15	II	IIa	IIa.B	IIa.B	Pelagibacterales	Cosmipelagibacteraceae	Cosmipelagibacter	NA	Pachiadaki et al., (2019)	NA	SAG	o-100m	North Temperate
AG-453-G04	II	IIa	IIa.B	IIa.B	Pelagibacterales	Cosmipelagibacteraceae	Cosmipelagibacter	NA	Pachiadaki et al., (2019)	NA	SAG	o-100m	South Temperate
AG-891-O15	II	IIa	IIa.B	IIa.B	Pelagibacterales	Cosmipelagibacteraceae	Cosmipelagibacter	NA	Pachiadaki et al., (2019)	NA	SAG	o-100m	North Temperate
AG-917-F18	II	IIa	IIa.B	IIa.B	Pelagibacterales	Cosmipelagibacteraceae	Cosmipelagibacter	NA	Pachiadaki et al., (2019)	NA	SAG	o-100m	North Temperate
AH-287-C13	II	IIa	IIa.B	IIa.B	Pelagibacterales	Cosmipelagibacteraceae	Cosmipelagibacter	NA	Pachiadaki et al., (2019)	NA	SAG	o-100m	Tropical
AG-910-G11	II	IIa	IIa.B	IIa.B	Pelagibacterales	Cosmipelagibacteraceae	Cosmipelagibacter	NA	Pachiadaki et al., (2019)	NA	SAG	o-100m	North Temperate
AG-919-F21	II	IIa	IIa.B	IIa.B	Pelagibacterales	Cosmipelagibacteraceae	Cosmipelagibacter	NA	Pachiadaki et al., (2019)	NA	SAG	o-100m	North Temperate
AG-917-K20	II	IIa	IIa.B	IIa.B	Pelagibacterales	Cosmipelagibacteraceae	Cosmipelagibacter	NA	Pachiadaki et al., (2019)	NA	SAG	o-100m	North Temperate
SAG-MED28	II	IIa	IIa.B	IIa.B	Pelagibacterales	Cosmipelagibacteraceae	Cosmipelagibacter	NA	Martinez-Hernandez et al., (2019); Haro-Moreno et al., (2020)	NA	SAG	o-100m	North Temperate
AG-337-E15	II	IIa	IIa.B	IIa.B	Pelagibacterales	Cosmipelagibacteraceae	Cosmipelagibacter	NA	Pachiadaki et al., (2019)	NA	SAG	o-100m	South Temperate
AG-911-G13	II	IIa	IIa.B	IIa.B	Pelagibacterales	Cosmipelagibacteraceae	Cosmipelagibacter	NA	Pachiadaki et al., (2019)	NA	SAG	o-100m	North Temperate
AG-913-I06	II	IIa	IIa.B	IIa.B	Pelagibacterales	Cosmipelagibacteraceae	Cosmipelagibacter	NA	Pachiadaki et al., (2019)	NA	SAG	o-100m	North Temperate
AG-914-J05	II	IIa	IIa.B	IIa.B	Pelagibacterales	Cosmipelagibacteraceae	Cosmipelagibacter	NA	Pachiadaki et al., (2019)	NA	SAG	o-100m	North Temperate
AG-918-M15	II	IIa	IIa.B	IIa.B	Pelagibacterales	Cosmipelagibacteraceae	Cosmipelagibacter	NA	Pachiadaki et al., (2019)	NA	SAG	o-100m	North Temperate
AG-919-M05	II	IIa	IIa.B	IIa.B	Pelagibacterales	Cosmipelagibacteraceae	Cosmipelagibacter	NA	Pachiadaki et al., (2019)	NA	SAG	o-100m	North Temperate
AG-912-P19	II	IIa	IIa.B	IIa.B	Pelagibacterales	Cosmipelagibacteraceae	Cosmipelagibacter	NA	Pachiadaki et al., (2019)	NA	SAG	o-100m	North Temperate
AG-916-E17	II	IIa	IIa.B	IIa.B	Pelagibacterales	Cosmipelagibacteraceae	Cosmipelagibacter	NA	Pachiadaki et al., (2019)	NA	SAG	o-100m	North Temperate
AG-914-N11	II	IIa	IIa.B	IIa.B	Pelagibacterales	Cosmipelagibacteraceae	Cosmipelagibacter	NA	Pachiadaki et al., (2019)	NA	SAG	o-100m	North Temperate
AH-321-I23	II	IIa	IIa.B	IIa.B	Pelagibacterales	Cosmipelagibacteraceae	Cosmipelagibacter	NA	Pachiadaki et al., (2019)	NA	SAG	o-100m	Tropical
AG-422-K17	II	IIa	IIa.B	IIa.B	Pelagibacterales	Cosmipelagibacteraceae	Cosmipelagibacter	NA	Pachiadaki et al., (2019)	NA	SAG	o-100m	North Temperate
AG-913-I14	II	IIa	IIa.B	IIa.B	Pelagibacterales	Cosmipelagibacteraceae	Cosmipelagibacter	NA	Pachiadaki et al., (2019)	NA	SAG	o-100m	North Temperate
AG-903-M21	II	IIa	IIa.B	IIa.B	Pelagibacterales	Cosmipelagibacteraceae	Cosmipelagibacter	NA	Pachiadaki et al., (2019)	NA	SAG	o-100m	North Temperate
AH-287-E19	II	IIa	IIa.B	IIa.B	Pelagibacterales	Cosmipelagibacteraceae	Cosmipelagibacter	NA	Pachiadaki et al., (2019)	NA	SAG	o-100m	Tropical
AG-917-E14	II	IIa	IIa.B	IIa.B	Pelagibacterales	Cosmipelagibacteraceae	Cosmipelagibacter	NA	Pachiadaki et al., (2019)	NA	SAG	o-100m	North Temperate
AG-919-I13	II	IIa	IIa.B	IIa.B	Pelagibacterales	Cosmipelagibacteraceae	Cosmipelagibacter	NA	Pachiadaki et al., (2019)	NA	SAG	o-100m	North Temperate
AG-899-E14	II	IIa	IIa.B	IIa.B	Pelagibacterales	Cosmipelagibacteraceae	Cosmipelagibacter	NA	Pachiadaki et al., (2019)	NA	SAG	o-100m	North Temperate
AG-914-I16	II	IIa	IIa.B	IIa.B	Pelagibacterales	Cosmipelagibacteraceae	Cosmipelagibacter	NA	Pachiadaki et al., (2019)	NA	SAG	o-100m	North Temperate
AG-325-E13	II	IIa	IIa.B	IIa.B	Pelagibacterales	Cosmipelagibacteraceae	Cosmipelagibacter	NA	Pachiadaki et al., (2019)	NA	SAG	o-100m	Tropical
AG-390-C22	II	IIa	IIa.B	IIa.B	Pelagibacterales	Cosmipelagibacteraceae	Cosmipelagibacter	NA	Pachiadaki et al., (2019)	NA	SAG	o-100m	North Temperate
AG-390-M15	II	IIa	IIa.B	IIa.B	Pelagibacterales	Cosmipelagibacteraceae	Cosmipelagibacter	NA	Pachiadaki et al., (2019)	NA	SAG	o-100m	North Temperate
SAG-MED05	II	IIa	IIa.B	IIa.B	Pelagibacterales	Cosmipelagibacteraceae	Cosmipelagibacter	NA	Martinez-Hernandez et al., (2019); Haro-Moreno et al., (2020)	NA	SAG	o-100m	North Temperate
AG-461-E04	II	IIa	IIa.B	IIa.B	Pelagibacterales	Cosmipelagibacteraceae	Cosmipelagibacter	NA	Pachiadaki et al., (2019)	NA	SAG	o-100m	South Temperate
CPC289	III	IIIa	IIIa.1	IIIa.1	Pelagibacterales	Allofontibacteraceae	Elongatapelagibacter	NA	Tully et al. (2018)	NA	MAG	NA	NA
MED1116	III	IIIa	IIIa.1	IIIa.1	Pelagibacterales	Allofontibacteraceae	Elongatapelagibacter	NA	Tully et al. (2018)	NA	MAG	NA	NA
SP27	III	IIIa	IIIa.1	IIIa.1	Pelagibacterales	Allofontibacteraceae	Elongatapelagibacter	NA	Tully et al. (2018)	NA	MAG	NA	NA
HIMB109	III	IIIa	IIIa.1	IIIa.1	Pelagibacterales	Allofontibacteraceae	Elongatapelagibacter	NA	Freel et al., (2024)	NA	isolate	o-100m	Tropical
HIMB114	III	IIIa	IIIa.1	IIIa.1	Pelagibacterales	Allofontibacteraceae	Elongatapelagibacter	koolaupokoensis	Brandon M.S. thesis (2006)	TRUE	isolate	o-100m	Tropical
HIMB1565	III	IIIa	IIIa.1	IIIa.1	Pelagibacterales	Allofontibacteraceae	Elongatapelagibacter	NA	Freel et al., (2024)	NA	isolate	o-100m	Tropical
HIMB1517	III	IIIa	IIIa.1	IIIa.1	Pelagibacterales	Allofontibacteraceae	Elongatapelagibacter	NA	Freel et al., (2024)	NA	isolate	o-100m	Tropical
LSUCC0723	III	IIIa	IIIa.1	IIIa.1	Pelagibacterales	Allofontibacteraceae	Elongatapelagibacter	NA	Lanclos et al., (2023)	NA	isolate	o-100m	North Temperate
LSUCC0664	III	IIIa	IIIa.1	IIIa.1	Pelagibacterales	Allofontibacteraceae	Elongatapelagibacter	NA	Lanclos et al., (2023)	NA	isolate	o-100m	North Temperate
AG-894-A09	III	IIIa	IIIa.2	IIIa.2	Pelagibacterales	Allofontibacteraceae	NA	NA	Pachiadaki et al., (2019)	NA	SAG	o-100m	North Temperate
AG-907-B09	III	IIIa	IIIa.2	IIIa.2	Pelagibacterales	Allofontibacteraceae	NA	NA	Pachiadaki et al., (2019)	NA	SAG	o-100m	North Temperate
MED602	III	IIIa	IIIa.2	IIIa.2	Pelagibacterales	Allofontibacteraceae	NA	NA	Tully et al. (2018)	NA	MAG	NA	NA
IMCC9063	III	IIIa	IIIa.3	IIIa.3	Pelagibacterales	Allofontibacteraceae	NA	NA	Oh et al., (2011)	NA	isolate	NA	Arctic
LSUCC0261	III	IIIa	IIIa.3	IIIa.3	Pelagibacterales	Allofontibacteraceae	NA	NA	Lanclos et al., (2023)	NA	isolate	o-100m	North Temperate
LSUCC0530	III	IIIb	IIIb	IIIb.16_LD12	Pelagibacterales	Allofontibacteraceae	Allofontibacter	communis	Henson et al., (2018)	TRUE	isolate	o-100m	North Temperate
ME-33	III	IIIb	IIIb	IIIb.8	Pelagibacterales	Allofontibacteraceae	Allofontibacter	medardense	Fernandes et al., (2025)	NA	isolate	o-100m	North Temperate
ME-31	III	IIIb	IIIb	IIIb.8	Pelagibacterales	Allofontibacteraceae	Allofontibacter	medardense	Fernandes et al., (2025)	NA	isolate	o-100m	North Temperate
ME-17	III	IIIb	IIIb	IIIb.8	Pelagibacterales	Allofontibacteraceae	Allofontibacter	medardense	Fernandes et al., (2025)	NA	isolate	o-100m	North Temperate
ME-20	III	IIIb	IIIb	IIIb.8	Pelagibacterales	Allofontibacteraceae	Allofontibacter	medardense	Fernandes et al., (2025)	NA	isolate	o-100m	North Temperate
ME-18	III	IIIb	IIIb	IIIb.8	Pelagibacterales	Allofontibacteraceae	Allofontibacter	medardense	Fernandes et al., (2025)	NA	isolate	o-100m	North Temperate
MiE-29	III	IIIb	IIIb	IIIb.9	Pelagibacterales	Allofontibacteraceae	Allofontibacter	abundans	Fernandes et al., (2025)	NA	isolate	o-100m	North Temperate
MKE-138	III	IIIb	IIIb	IIIb.9	Pelagibacterales	Allofontibacteraceae	Allofontibacter	abundans	Fernandes et al., (2025)	NA	isolate	o-100m	North Temperate
AG-337-G06	IV	IV	IV	IV	NA	NA	NA	NA	Pachiadaki et al., (2019)	NA	SAG	o-100m	South Temperate
AG-894-A11	IV	IV	IV	IV	NA	NA	NA	NA	Pachiadaki et al., (2019)	NA	SAG	o-100m	North Temperate
AG-900-K14	IV	IV	IV	IV	NA	NA	NA	NA	Pachiadaki et al., (2019)	NA	SAG	o-100m	North Temperate
AG-422-B15	IV	IV	IV	IV	NA	NA	NA	NA	Pachiadaki et al., (2019)	NA	SAG	o-100m	North Temperate
AG-439-D15	IV	IV	IV	IV	NA	NA	NA	NA	Pachiadaki et al., (2019)	NA	SAG	o-100m	Tropical
AG-896-A02	IV	IV	IV	IV	NA	NA	NA	NA	Pachiadaki et al., (2019)	NA	SAG	o-100m	North Temperate
AG-899-O02	IV	IV	IV	IV	NA	NA	NA	NA	Pachiadaki et al., (2019)	NA	SAG	o-100m	North Temperate
AG-905-D16	IV	IV	IV	IV	NA	NA	NA	NA	Pachiadaki et al., (2019)	NA	SAG	o-100m	North Temperate
AG-895-F07	IV	IV	IV	IV	NA	NA	NA	NA	Pachiadaki et al., (2019)	NA	SAG	o-100m	North Temperate
AG-920-L11	IV	IV	IV	IV	NA	NA	NA	NA	Pachiadaki et al., (2019)	NA	SAG	o-100m	North Temperate
AG-909-G09	IV	IV	IV	IV	NA	NA	NA	NA	Pachiadaki et al., (2019)	NA	SAG	o-100m	North Temperate
AG-919-N17	IV	IV	IV	IV	NA	NA	NA	NA	Pachiadaki et al., (2019)	NA	SAG	o-100m	North Temperate
AG-422-C21	IV	IV	IV	IV	NA	NA	NA	NA	Pachiadaki et al., (2019)	NA	SAG	o-100m	North Temperate
AG-911-E02	IV	IV	IV	IV	NA	NA	NA	NA	Pachiadaki et al., (2019)	NA	SAG	o-100m	North Temperate
AG-893-M03	IV	IV	IV	IV	NA	NA	NA	NA	Pachiadaki et al., (2019)	NA	SAG	o-100m	North Temperate
AG-892-M06	IV	IV	IV	IV	NA	NA	NA	NA	Pachiadaki et al., (2019)	NA	SAG	o-100m	North Temperate
AG-891-J04	IV	IV	IV	IV	NA	NA	NA	NA	Pachiadaki et al., (2019)	NA	SAG	o-100m	North Temperate
AG-426-I21	IV	IV	IV	IV	NA	NA	NA	NA	Pachiadaki et al., (2019)	NA	SAG	o-100m	North Temperate
AG-901-G03	IV	IV	IV	IV	NA	NA	NA	NA	Pachiadaki et al., (2019)	NA	SAG	o-100m	North Temperate
AG-919-P09	IV	IV	IV	IV	NA	NA	NA	NA	Pachiadaki et al., (2019)	NA	SAG	o-100m	North Temperate
AH-287-F15	IV	IV	IV	IV	NA	NA	NA	NA	Pachiadaki et al., (2019)	NA	SAG	o-100m	Tropical
AG-457-M14	IV	IV	IV	IV	NA	NA	NA	NA	Pachiadaki et al., (2019)	NA	SAG	o-100m	South Temperate
AG-461-P14	IV	IV	IV	IV	NA	NA	NA	NA	Pachiadaki et al., (2019)	NA	SAG	o-100m	South Temperate
AG-900-M14	IV	IV	IV	IV	NA	NA	NA	NA	Pachiadaki et al., (2019)	NA	SAG	o-100m	North Temperate
AG-337-G11	I	Ia	Ia.4	NA	Pelagibacterales	Pelagibacteraceae	NA	NA	Pachiadaki et al., (2019)	NA	SAG	o-100m	South Temperate
AG-894-K15	I	Ia	Ia.4	NA	Pelagibacterales	Pelagibacteraceae	NA	NA	Pachiadaki et al., (2019)	NA	SAG	o-100m	North Temperate
AAA795-D22	I	Ia	Ia.3.III	NA	Pelagibacterales	Pelagibacteraceae	NA	NA	Luo et al., (2015); Thompson et al., (2019)	NA	SAG	o-100m	Tropical
AG-447-O23	I	Ia	Ia.3.III	NA	Pelagibacterales	Pelagibacteraceae	NA	NA	Pachiadaki et al., (2019)	NA	SAG	o-100m	South Temperate
AG-426-P08	I	Ia	Ia.3.III	NA	Pelagibacterales	Pelagibacteraceae	NA	NA	Pachiadaki et al., (2019)	NA	SAG	o-100m	North Temperate
AH-321-N11	I	Ia	Ia.3.III	NA	Pelagibacterales	Pelagibacteraceae	NA	NA	Pachiadaki et al., (2019)	NA	SAG	o-100m	Tropical
AH-324-K07	I	Ia	Ia.3.III	NA	Pelagibacterales	Pelagibacteraceae	NA	NA	Pachiadaki et al., (2019)	NA	SAG	o-100m	Tropical
AG-390-O04	I	Ia	Ia.3.III	NA	Pelagibacterales	Pelagibacteraceae	NA	NA	Pachiadaki et al., (2019)	NA	SAG	o-100m	North Temperate
AG-325-C18	I	Ia	Ia.4	NA	Pelagibacterales	Pelagibacteraceae	NA	NA	Pachiadaki et al., (2019)	NA	SAG	o-100m	Tropical
AG-359-P18	I	Ia	Ia.4	NA	Pelagibacterales	Pelagibacteraceae	NA	NA	Pachiadaki et al., (2019)	NA	SAG	o-100m	North Temperate
SAG-MED13	I	Ia	Ia.4	NA	Pelagibacterales	Pelagibacteraceae	NA	NA	Martinez-Hernandez et al., (2019); Haro-Moreno et al., (2020)	NA	SAG	o-100m	North Temperate
AG-325-L02	I	Ia	Ia.4	NA	Pelagibacterales	Pelagibacteraceae	NA	NA	Pachiadaki et al., (2019)	NA	SAG	o-100m	Tropical
SAG-MED47	I	Ia	Ia.4	NA	Pelagibacterales	Pelagibacteraceae	NA	NA	Martinez-Hernandez et al., (2019); Haro-Moreno et al., (2020)	NA	SAG	o-100m	North Temperate
AG-325-L05	I	Ia	Ia.4	NA	Pelagibacterales	Pelagibacteraceae	NA	NA	Pachiadaki et al., (2019)	NA	SAG	o-100m	Tropical
AG-390-M07	I	Ia	Ia.4	NA	Pelagibacterales	Pelagibacteraceae	NA	NA	Pachiadaki et al., (2019)	NA	SAG	o-100m	North Temperate
SAG-MED01	I	Ia	Ia.4	NA	Pelagibacterales	Pelagibacteraceae	NA	NA	Martinez-Hernandez et al., (2019); Haro-Moreno et al., (2020)	NA	SAG	o-100m	North Temperate
AG-333-D08	I	Ia	Ia.4	NA	Pelagibacterales	Pelagibacteraceae	NA	NA	Pachiadaki et al., (2019)	NA	SAG	100-200m	Tropical
AG-447-N08	I	Ia	Ia.4	NA	Pelagibacterales	Pelagibacteraceae	NA	NA	Pachiadaki et al., (2019)	NA	SAG	o-100m	South Temperate
AG-410-L19	I	Ia	Ia.4	NA	Pelagibacterales	Pelagibacteraceae	NA	NA	Pachiadaki et al., (2019)	NA	SAG	o-100m	Tropical
AG-447-K09	I	Ia	Ia.4	NA	Pelagibacterales	Pelagibacteraceae	NA	NA	Pachiadaki et al., (2019)	NA	SAG	o-100m	South Temperate
AG-359-F04	I	Ia	Ia.4	NA	Pelagibacterales	Pelagibacteraceae	NA	NA	Pachiadaki et al., (2019)	NA	SAG	o-100m	North Temperate
AG-426-I10	I	Ia	Ia.4	NA	Pelagibacterales	Pelagibacteraceae	NA	NA	Pachiadaki et al., (2019)	NA	SAG	o-100m	North Temperate
AG-410-K05	I	Ia	Ia.4	NA	Pelagibacterales	Pelagibacteraceae	NA	NA	Pachiadaki et al., (2019)	NA	SAG	o-100m	Tropical
AG-892-C18	I	Ia	Ia.4	NA	Pelagibacterales	Pelagibacteraceae	NA	NA	Pachiadaki et al., (2019)	NA	SAG	o-100m	North Temperate
AG-914-L04	I	Ia	Ia.4	NA	Pelagibacterales	Pelagibacteraceae	NA	NA	Pachiadaki et al., (2019)	NA	SAG	o-100m	North Temperate
AG-447-L14	I	Ia	Ia.4	NA	Pelagibacterales	Pelagibacteraceae	NA	NA	Pachiadaki et al., (2019)	NA	SAG	o-100m	South Temperate
AG-893-P10	I	Ia	Ia.4	NA	Pelagibacterales	Pelagibacteraceae	NA	NA	Pachiadaki et al., (2019)	NA	SAG	o-100m	North Temperate
AG-325-G21	I	Ib	Ib.5	NA	Pelagibacterales	Pelagibacteraceae	NA	NA	Pachiadaki et al., (2019)	NA	SAG	o-100m	Tropical
AG-430-G11	I	Ib	Ib.5	NA	Pelagibacterales	Pelagibacteraceae	NA	NA	Pachiadaki et al., (2019)	NA	SAG	o-100m	North Temperate
AG-916-J11	I	Ib	Ib.5	NA	Pelagibacterales	Pelagibacteraceae	NA	NA	Pachiadaki et al., (2019)	NA	SAG	o-100m	North Temperate
AG-913-C02	I	Ib	Ib.5	NA	Pelagibacterales	Pelagibacteraceae	NA	NA	Pachiadaki et al., (2019)	NA	SAG	o-100m	North Temperate
AG-390-G13	I	Ib	Ib.5	NA	Pelagibacterales	Pelagibacteraceae	NA	NA	Pachiadaki et al., (2019)	NA	SAG	o-100m	North Temperate
AG-439-C18	I	Ib	Ib.5	NA	Pelagibacterales	Pelagibacteraceae	NA	NA	Pachiadaki et al., (2019)	NA	SAG	o-100m	Tropical
AG-333-K06	I	Ib	NA	NA	Pelagibacterales	Pelagibacteraceae	NA	NA	Pachiadaki et al., (2019)	NA	SAG	100-200m	Tropical
AG-430-J21	I	Ib	NA	NA	Pelagibacterales	Pelagibacteraceae	NA	NA	Pachiadaki et al., (2019)	NA	SAG	o-100m	North Temperate
AG-892-K09	I	Ib	NA	NA	Pelagibacterales	Pelagibacteraceae	NA	NA	Pachiadaki et al., (2019)	NA	SAG	o-100m	North Temperate
AG-895-G15	I	Ib	NA	NA	Pelagibacterales	Pelagibacteraceae	NA	NA	Pachiadaki et al., (2019)	NA	SAG	o-100m	North Temperate
AG-414-B08	I	Ib	NA	NA	Pelagibacterales	Pelagibacteraceae	NA	NA	Pachiadaki et al., (2019)	NA	SAG	100-200m	North Temperate
AG-439-B12	I	Ib	NA	NA	Pelagibacterales	Pelagibacteraceae	NA	NA	Pachiadaki et al., (2019)	NA	SAG	o-100m	Tropical
AG-439-E23	I	Ib	NA	NA	Pelagibacterales	Pelagibacteraceae	NA	NA	Pachiadaki et al., (2019)	NA	SAG	o-100m	Tropical
AG-426-C04	I	Ib	NA	NA	Pelagibacterales	Pelagibacteraceae	NA	NA	Pachiadaki et al., (2019)	NA	SAG	o-100m	North Temperate
AG-439-G19	I	Ib	NA	NA	Pelagibacterales	Pelagibacteraceae	NA	NA	Pachiadaki et al., (2019)	NA	SAG	o-100m	Tropical
ARS1016	I	Ib	NA	NA	Pelagibacterales	Pelagibacteraceae	NA	NA	Tully et al. (2018)	NA	MAG	NA	NA
AG-905-E11	I	Ib	Ib.2.a	NA	Pelagibacterales	Pelagibacteraceae	NA	NA	Pachiadaki et al., (2019)	NA	SAG	o-100m	North Temperate
AG-913-O18	I	Ib	Ib.2.a	NA	Pelagibacterales	Pelagibacteraceae	NA	NA	Pachiadaki et al., (2019)	NA	SAG	o-100m	North Temperate
AG-426-K09	I	Ib	Ib.2.a	NA	Pelagibacterales	Pelagibacteraceae	NA	NA	Pachiadaki et al., (2019)	NA	SAG	o-100m	North Temperate
AG-447-N21	I	Ib	Ib.2.a	NA	Pelagibacterales	Pelagibacteraceae	NA	NA	Pachiadaki et al., (2019)	NA	SAG	o-100m	South Temperate
AG-404-J20	I	Ib	Ib.2.b	NA	Pelagibacterales	Pelagibacteraceae	NA	NA	Pachiadaki et al., (2019)	NA	SAG	o-100m	North Temperate
AG-898-P13	I	Ib	Ib.2.b	NA	Pelagibacterales	Pelagibacteraceae	NA	NA	Pachiadaki et al., (2019)	NA	SAG	o-100m	North Temperate
AG-920-I23	I	Ib	Ib.2.b	NA	Pelagibacterales	Pelagibacteraceae	NA	NA	Pachiadaki et al., (2019)	NA	SAG	o-100m	North Temperate
AG-404-B04	I	Ib	Ib.2.b	NA	Pelagibacterales	Pelagibacteraceae	NA	NA	Pachiadaki et al., (2019)	NA	SAG	o-100m	North Temperate
AG-333-N15	I	Ia	NA	NA	Pelagibacterales	Pelagibacteraceae	NA	NA	Pachiadaki et al., (2019)	NA	SAG	100-200m	Tropical
AG-365-L04	I	Ia	NA	NA	Pelagibacterales	Pelagibacteraceae	NA	NA	Pachiadaki et al., (2019)	NA	SAG	o-100m	North Temperate
AG-365-O14	I	Ia	NA	NA	Pelagibacterales	Pelagibacteraceae	NA	NA	Pachiadaki et al., (2019)	NA	SAG	o-100m	North Temperate
AG-404-O05	I	Ia	NA	NA	Pelagibacterales	Pelagibacteraceae	NA	NA	Pachiadaki et al., (2019)	NA	SAG	o-100m	North Temperate
AG-430-K07	I	Ia	NA	NA	Pelagibacterales	Pelagibacteraceae	NA	NA	Pachiadaki et al., (2019)	NA	SAG	o-100m	North Temperate
AG-892-L05	I	Ia	NA	NA	Pelagibacterales	Pelagibacteraceae	NA	NA	Pachiadaki et al., (2019)	NA	SAG	o-100m	North Temperate
AG-414-L04	I	Ia	NA	NA	Pelagibacterales	Pelagibacteraceae	NA	NA	Pachiadaki et al., (2019)	NA	SAG	100-200m	North Temperate
AG-464-P13	I	Ia	NA	NA	Pelagibacterales	Pelagibacteraceae	NA	NA	Pachiadaki et al., (2019)	NA	SAG	>200m	South Temperate
AG-404-O18	I	Ia	NA	NA	Pelagibacterales	Pelagibacteraceae	NA	NA	Pachiadaki et al., (2019)	NA	SAG	o-100m	North Temperate
AG-430-B09	I	Ia	Ia.1	NA	Pelagibacterales	Pelagibacteraceae	NA	NA	Pachiadaki et al., (2019)	NA	SAG	o-100m	North Temperate
AG-430-A11	I	Ia	NA	NA	Pelagibacterales	Pelagibacteraceae	NA	NA	Pachiadaki et al., (2019)	NA	SAG	o-100m	North Temperate
GCF_000006905.1_ASM690v1_genomic	outgroup	NA	NA	NA	Caulobacterales	Caulobacteraceae	Caulobacter	vivbrioides	NA	NA	isolate	NA	NA
GCF_000014745.1_ASM1474v1_genomic	outgroup	NA	NA	NA	Caulobacterales	Maricaulaceae	Maricaulis	maris	NA	NA	isolate	NA	NA
GCF_003324715.1_ASM332471v1_genomic	outgroup	NA	NA	NA	Rhodobacterales	Rhodobacteraceae	Cereibacter	sphaeroides	NA	NA	isolate	NA	NA
GCF_000006965.1_ASM696v1_genomic	outgroup	NA	NA	NA	Hyphomicrobiales	Rhizobiaceae	Sinorhizobium	melioti	NA	NA	isolate	NA	NA
GCF_000017145.1_ASM1714v1_genomic	outgroup	NA	NA	NA	Hyphomicrobiales	Rhizobiaceae	Sinorhizobium	medicae	NA	NA	isolate	NA	NA
GCF_000007125.1_ASM712v1_genomic	outgroup	NA	NA	NA	Hyphomicrobiales	Brucellaceae	Brucella	melitensis	NA	NA	isolate	NA	NA
GCF_000054005.1_ASM5400v1_genomic	outgroup	NA	NA	NA	Hyphomicrobiales	Brucellaceae	Brucella	abortus	NA	NA	isolate	NA	NA
GCF_000026145.1_ASM2614v1_genomic	outgroup	NA	NA	NA	Rhizobiales	Bradyrhizobiaceae	Bradyrhizobium	sp.	NA	NA	isolate	NA	NA
GCF_001642675.1_ASM164267v1_genomic	outgroup	NA	NA	NA	Rhizobiales	Bradyrhizobiaceae	Bradyrhizobium	diazoefficiens	NA	NA	isolate	NA	NA
GCF_000186705.1_ASM18670v1_genomic	outgroup	NA	NA	NA	Sphingomonadales	Sphingomonadaceae	Citromicrobium	sp.	NA	NA	isolate	NA	NA
GCF_000375545.1_ASM37554v1_genomic	outgroup	NA	NA	NA	Kordiimonadales	Temperatibacteraceae	Kordiimonas	gwangyangensis	NA	NA	isolate	NA	NA
GCF_000616095.1_ASM61609v1_genomic	outgroup	NA	NA	NA	Sneathiellales	Sneathiellaceae	Sneathiella	glossodoripedis	NA	NA	isolate	NA	NA
GCF_000311765.1_ASM31176v1_genomic	outgroup	NA	NA	NA	Rhodospirillales	Acetobacteraceae	Gluconobacter	oxydans	NA	NA	isolate	NA	NA
GCF_000427665.1_ASM42766v1_genomic	outgroup	NA	NA	NA	Rhodospirillales	Geminicoccaceae	Geminicoccus	roseus	NA	NA	isolate	NA	NA
GCF_000423185.1_ASM42318v1_genomic	outgroup	NA	NA	NA	Rhodospirillales	Azospirillaceae	Inquilinus	limosus	NA	NA	isolate	NA	NA
GCF_000190415.1_ASM19041v1_genomic	outgroup	NA	NA	NA	Horosporales	Holosporaceae	Odyssella	thessalonicensis	NA	NA	isolate	NA	NA
GCF_000013125.1_ASM1312v1_genomic	outgroup	NA	NA	NA	Rickettsiales	Anaplasmataceae	Anaplasma	phagocytophilum	NA	NA	isolate	NA	NA
GCF_000013165.1_ASM1316v1_genomic	outgroup	NA	NA	NA	Rickettsiales	Anaplasmataceae	Ehrlichia	sennetsu	NA	NA	isolate	NA	NA
GCF_000063545.1_ASM6354v1_genomic	outgroup	NA	NA	NA	Rickettsiales	Rickettsiaceae	Orientia	tsutsugamushi	NA	NA	isolate	NA	NA
GCF_000388175.3_ASM38817v3_genomic	outgroup	NA	NA	NA	Horosporales	Holosporaceae	Holospora	undulata	NA	NA	isolate	NA	NA
